policy,fold,pair,lotId,exitReason,entryPrice,exitPrice,volume,riskUsd,grossPnlUsd,entryFeeUsd,exitFeeUsd,netPnlUsd,rMultiple,mfeR,maeR,holdTimeMinutes,openedAtMs,closedAtMs
R1,1,BTC/USD,replay-BTC/USD-1,STRUCTURE_INVALIDATION,66803.3,66519.3,0.04088976120379447,25,-11.61269218187763,2.458413886162899,2.447962463199209,-16.51906853123974,-0.4645076872751052,0.043506705920823036,0.48855086686293153,130,1784644500000,1784652300000
U75,1,BTC/USD,replay-BTC/USD-1,STRUCTURE_INVALIDATION,66803.3,66519.3,0.06133464180569171,37.5,-17.419038272816447,3.687620829244349,3.6719436947988138,-24.77860279685961,-0.4645076872751052,0.04350670592082304,0.48855086686293164,130,1784644500000,1784652300000
U50,1,BTC/USD,replay-BTC/USD-1,STRUCTURE_INVALIDATION,66803.3,66519.3,0.04088976120379447,25,-11.61269218187763,2.458413886162899,2.447962463199209,-16.51906853123974,-0.4645076872751052,0.043506705920823036,0.48855086686293153,130,1784644500000,1784652300000
R0,1,ETH/USD,replay-ETH/USD-1,STRUCTURE_INVALIDATION,1881.96,1922.08,2.0891780576613175,50,83.81782367337183,3.5385745836566636,3.6140106249626984,76.66523846475246,1.6763564734674368,2.3632782188264803,0.08983465647944046,560,1784116500000,1784150100000
R0,1,ETH/USD,replay-ETH/USD-2,STRUCTURE_INVALIDATION,1926.23,1917.79,1.8222523038475518,50,-15.379809444473436,3.1590693497162428,3.1452275212162166,-21.684106315405895,-0.3075961888894687,0,0.4132868225126217,60,1784171700000,1784175300000
R0,1,ETH/USD,replay-ETH/USD-3,TIME_EFFICIENCY,1913.22,1928.35,1.6169269149034444,50,24.464104222488924,2.784183220918411,2.806200914718651,18.87372008685186,0.4892820844497785,0.5765961378545659,0,195,1784602500000,1784614200000
R0,1,ETH/USD,replay-ETH/USD-4,TIME_EFFICIENCY,1952.42,1942.51,2.5152712899748497,50,-24.926338483650966,4.419779374775427,4.39734567014014,-33.74346352856654,-0.49852676967301934,0.05282069708946955,0.6474308300395323,185,1785109500000,1785120600000
R1,1,ETH/USD,replay-ETH/USD-1,STRUCTURE_INVALIDATION,1881.96,1922.08,1.0445890288306587,25,41.90891183668592,1.7692872918283318,1.8070053124813492,38.33261923237623,1.6763564734674368,2.3632782188264803,0.08983465647944046,560,1784116500000,1784150100000
R1,1,ETH/USD,replay-ETH/USD-2,STRUCTURE_INVALIDATION,1926.23,1917.79,0.9111261519237759,25,-7.689904722236718,1.5795346748581214,1.5726137606081083,-10.842053157702948,-0.3075961888894687,0,0.4132868225126217,60,1784171700000,1784175300000
R1,1,ETH/USD,replay-ETH/USD-4,STRUCTURE_INVALIDATION,1874.6,1868.95,1.633529356856158,25,-9.22944086623707,2.7559927191262985,2.7476862223466845,-14.733119807710054,-0.3691776346494828,0,0.41426304489871635,85,1784472600000,1784477700000
R1,1,ETH/USD,replay-ETH/USD-3,STRUCTURE_INVALIDATION,1872.51,1868.95,1.633529356856158,25,-5.815364510407833,2.752920050406052,2.7476862223466845,-11.31597078316057,-0.2326145804163133,0.13656305423316945,0.27769999066554685,130,1784469900000,1784477700000
R1,1,ETH/USD,replay-ETH/USD-5,TIME_EFFICIENCY,1913.22,1928.35,0.8084634574517222,25,12.232052111244462,1.3920916104592056,1.4031004573593255,9.43686004342593,0.4892820844497785,0.5765961378545659,0,195,1784602500000,1784614200000
R1,1,ETH/USD,replay-ETH/USD-6,TIME_EFFICIENCY,1952.42,1942.51,2.5152712899748497,50,-24.926338483650966,4.419779374775427,4.39734567014014,-33.74346352856654,-0.49852676967301934,0.05282069708946955,0.6474308300395323,185,1785109500000,1785120600000
U75,1,ETH/USD,replay-ETH/USD-1,STRUCTURE_INVALIDATION,1881.96,1922.08,1.5668835432459882,37.5,62.863367755028875,2.6539309377424978,2.710507968722024,57.49892884856435,1.6763564734674368,2.3632782188264803,0.08983465647944046,560,1784116500000,1784150100000
U75,1,ETH/USD,replay-ETH/USD-2,STRUCTURE_INVALIDATION,1926.23,1917.79,1.366689227885664,37.5,-11.534857083355078,2.369302012287182,2.3589206409121624,-16.263079736554424,-0.3075961888894687,0,0.4132868225126218,60,1784171700000,1784175300000
U75,1,ETH/USD,replay-ETH/USD-4,STRUCTURE_INVALIDATION,1874.6,1868.95,2.450294035284237,37.5,-13.844161299355603,4.133989078689447,4.121529333520027,-22.099679711565077,-0.3691776346494828,0,0.4142630448987163,85,1784472600000,1784477700000
U75,1,ETH/USD,replay-ETH/USD-3,STRUCTURE_INVALIDATION,1872.51,1868.95,2.450294035284237,37.5,-8.72304676561175,4.1293800756090775,4.121529333520027,-16.973956174740856,-0.2326145804163133,0.13656305423316947,0.27769999066554685,130,1784469900000,1784477700000
U75,1,ETH/USD,replay-ETH/USD-5,TIME_EFFICIENCY,1913.22,1928.35,1.2126951861775834,37.5,18.348078166866692,2.0881374156888084,2.1046506860389886,14.155290065138894,0.4892820844497785,0.576596137854566,0,195,1784602500000,1784614200000
U75,1,ETH/USD,replay-ETH/USD-6,TIME_EFFICIENCY,1952.42,1942.51,1.8864534674811373,37.5,-18.694753862738224,3.31483453108157,3.2980092526051057,-25.3075976464249,-0.49852676967301934,0.05282069708946956,0.6474308300395323,185,1785109500000,1785120600000
U50,1,ETH/USD,replay-ETH/USD-1,STRUCTURE_INVALIDATION,1881.96,1922.08,1.0445890288306587,25,41.90891183668592,1.7692872918283318,1.8070053124813492,38.33261923237623,1.6763564734674368,2.3632782188264803,0.08983465647944046,560,1784116500000,1784150100000
U50,1,ETH/USD,replay-ETH/USD-2,STRUCTURE_INVALIDATION,1926.23,1917.79,0.9111261519237759,25,-7.689904722236718,1.5795346748581214,1.5726137606081083,-10.842053157702948,-0.3075961888894687,0,0.4132868225126217,60,1784171700000,1784175300000
U50,1,ETH/USD,replay-ETH/USD-4,STRUCTURE_INVALIDATION,1874.6,1868.95,1.633529356856158,25,-9.22944086623707,2.7559927191262985,2.7476862223466845,-14.733119807710054,-0.3691776346494828,0,0.41426304489871635,85,1784472600000,1784477700000
U50,1,ETH/USD,replay-ETH/USD-3,STRUCTURE_INVALIDATION,1872.51,1868.95,1.633529356856158,25,-5.815364510407833,2.752920050406052,2.7476862223466845,-11.31597078316057,-0.2326145804163133,0.13656305423316945,0.27769999066554685,130,1784469900000,1784477700000
U50,1,ETH/USD,replay-ETH/USD-5,TIME_EFFICIENCY,1913.22,1928.35,0.8084634574517222,25,12.232052111244462,1.3920916104592056,1.4031004573593255,9.43686004342593,0.4892820844497785,0.5765961378545659,0,195,1784602500000,1784614200000
U50,1,ETH/USD,replay-ETH/USD-6,TIME_EFFICIENCY,1952.42,1942.51,1.2576356449874249,25,-12.463169241825483,2.2098896873877134,2.19867283507007,-16.87173176428327,-0.49852676967301934,0.05282069708946955,0.6474308300395323,185,1785109500000,1785120600000
R0,1,SOL/USD,replay-SOL/USD-1,STRUCTURE_INVALIDATION,78.54,78.1,59.72696245733789,50,-26.279863481229384,4.221860068259386,4.19820819112628,-34.69993174061505,-0.5255972696245876,0,0.5853242320819222,95,1784639400000,1784645100000
R1,1,SOL/USD,replay-SOL/USD-1,STRUCTURE_INVALIDATION,78.54,78.1,29.863481228668945,25,-13.139931740614692,2.110930034129693,2.09910409556314,-17.349965870307525,-0.5255972696245876,0,0.5853242320819222,95,1784639400000,1784645100000
U75,1,SOL/USD,replay-SOL/USD-1,STRUCTURE_INVALIDATION,78.54,78.1,44.79522184300342,37.5,-19.709897610922038,3.16639505119454,3.14865614334471,-26.024948805461285,-0.5255972696245876,0,0.5853242320819222,95,1784639400000,1784645100000
U75,1,SOL/USD,replay-SOL/USD-2,TIME_EFFICIENCY,75.76,76.05,55.263157894736516,37.5,16.02631578947315,3.768063157894715,3.7824868421052407,8.475765789473192,0.4273684210526173,1.2526315789473528,0,240,1786199400000,1786213800000
U50,1,SOL/USD,replay-SOL/USD-1,STRUCTURE_INVALIDATION,78.54,78.1,29.863481228668945,25,-13.139931740614692,2.110930034129693,2.09910409556314,-17.349965870307525,-0.5255972696245876,0,0.5853242320819222,95,1784639400000,1784645100000
U50,1,SOL/USD,replay-SOL/USD-2,TIME_EFFICIENCY,75.76,76.05,36.84210526315768,25,10.684210526315432,2.512042105263143,2.521657894736827,5.650510526315462,0.4273684210526173,1.2526315789473526,0,240,1786199400000,1786213800000
R0,2,BTC/USD,replay-BTC/USD-1,TIME_EFFICIENCY,68766.7,69335.7,0.04094525035095925,50,23.297847449695812,2.5341027725783785,2.5550708352831046,18.20867384183433,0.46595694899391626,0.8635353299017307,0.10752222742162137,185,1787171100000,1787182200000
R0,2,BTC/USD,replay-BTC/USD-2,PROFIT,72685.4,76868.5,0.036351173104286365,50,152.0605922125405,2.377979601798866,2.514834134790153,147.16777847595148,3.0412118442508103,3.0412118442508103,0.14540469241714546,660,1787260500000,1787300100000
R0,2,BTC/USD,replay-BTC/USD-3,TRAILING,75305.7,77563.7,0.03561434749427632,50,80.41719664207592,2.4137670312897517,2.4861425082676196,75.51728710251855,1.6083439328415186,2.8176647163571675,0.09544645128466053,245,1787289300000,1787304000000
R0,2,BTC/USD,replay-BTC/USD-4,TIME_EFFICIENCY,77688.1,78057.1,0.02198768689533861,50,8.113456464379947,1.53736345646438,1.544665567282322,5.031427440633245,0.16226912928759896,0.45642040457343636,0.007695690413368515,185,1787346900000,1787358000000
R0,2,BTC/USD,replay-BTC/USD-5,EMERGENCY,78700.5,76955,0.0341856967044989,50,-59.67113359770283,2.421388281143174,2.367684260905241,-64.46020613975124,-1.1934226719540566,0,1.1900041022836065,45,1787373300000,1787376000000
R0,2,BTC/USD,replay-BTC/USD-6,TIME_EFFICIENCY,81170,81607.8,0.04195033080832289,50,18.365854827883883,3.064597516540412,3.081126785885507,12.220130525457964,0.36731709655767764,0.765090133282188,0,185,1788461700000,1788472800000
R0,2,BTC/USD,replay-BTC/USD-7,STRUCTURE_INVALIDATION,81090.8,80948.7,0.055488616906588316,50,-7.884932462426523,4.0496547022638945,4.042558263047711,-15.977145427738128,-0.15769864924853044,0.1316189993024178,0.2771101528314988,115,1788510900000,1788517800000
R1,2,BTC/USD,replay-BTC/USD-1,TIME_EFFICIENCY,68766.7,69335.7,0.04094525035095925,50,23.297847449695812,2.5341027725783785,2.5550708352831046,18.20867384183433,0.46595694899391626,0.8635353299017307,0.10752222742162137,185,1787171100000,1787182200000
R1,2,BTC/USD,replay-BTC/USD-2,PROFIT,72685.4,76868.5,0.027263379828214775,37.5,114.04544415940539,1.7834847013491497,1.8861256010926146,110.37583385696362,3.0412118442508103,3.0412118442508103,0.14540469241714546,660,1787260500000,1787300100000
R1,2,BTC/USD,replay-BTC/USD-3,TRAILING,75305.7,77563.7,0.03561434749427632,50,80.41719664207592,2.4137670312897517,2.4861425082676196,75.51728710251855,1.6083439328415186,2.8176647163571675,0.09544645128466053,245,1787289300000,1787304000000
R1,2,BTC/USD,replay-BTC/USD-4,TIME_EFFICIENCY,77688.1,78057.1,0.016490765171503958,37.5,6.08509234828496,1.1530225923482849,1.1584991754617415,3.7735705804749338,0.16226912928759896,0.45642040457343636,0.007695690413368513,185,1787346900000,1787358000000
R1,2,BTC/USD,replay-BTC/USD-5,EMERGENCY,78700.5,76955,0.025639272528374175,37.5,-44.753350198277126,1.8160412108573805,1.775763195678931,-48.34515460481344,-1.1934226719540566,0,1.1900041022836068,45,1787373300000,1787376000000
R1,2,BTC/USD,replay-BTC/USD-6,TIME_EFFICIENCY,81170,81607.8,0.04195033080832289,50,18.365854827883883,3.064597516540412,3.081126785885507,12.220130525457964,0.36731709655767764,0.765090133282188,0,185,1788461700000,1788472800000
R1,2,BTC/USD,replay-BTC/USD-7,STRUCTURE_INVALIDATION,81090.8,80948.7,0.041616462679941235,37.5,-5.913699346819892,3.037241026697921,3.031918697285783,-11.982859070803595,-0.15769864924853044,0.13161899930241777,0.2771101528314988,115,1788510900000,1788517800000
R1,2,BTC/USD,replay-BTC/USD-8,EMERGENCY,81349.3,79814.3,0.04685993787711066,37.5,-71.93000464136486,3.430820829911794,3.366083825734566,-78.72690929701122,-1.918133457103063,0,1.9182584169374093,5,1788525000000,1788525300000
U75,2,BTC/USD,replay-BTC/USD-1,TIME_EFFICIENCY,68766.7,69335.7,0.030708937763219438,37.5,17.47338558727186,1.9005770794337837,1.9163031264623285,13.656505381375748,0.46595694899391626,0.8635353299017305,0.10752222742162137,185,1787171100000,1787182200000
U75,2,BTC/USD,replay-BTC/USD-2,PROFIT,72685.4,76868.5,0.027263379828214775,37.5,114.04544415940539,1.7834847013491497,1.8861256010926146,110.37583385696362,3.0412118442508103,3.0412118442508103,0.14540469241714546,660,1787260500000,1787300100000
U75,2,BTC/USD,replay-BTC/USD-3,TRAILING,75305.7,77563.7,0.02671076062070724,37.5,60.312897481556945,1.8103252734673136,1.864606881200715,56.63796532688892,1.6083439328415186,2.8176647163571675,0.09544645128466053,245,1787289300000,1787304000000
U75,2,BTC/USD,replay-BTC/USD-4,TIME_EFFICIENCY,77688.1,78057.1,0.016490765171503958,37.5,6.08509234828496,1.1530225923482849,1.1584991754617415,3.7735705804749338,0.16226912928759896,0.45642040457343636,0.007695690413368513,185,1787346900000,1787358000000
U75,2,BTC/USD,replay-BTC/USD-5,EMERGENCY,78700.5,76955,0.025639272528374175,37.5,-44.753350198277126,1.8160412108573805,1.775763195678931,-48.34515460481344,-1.1934226719540566,0,1.1900041022836068,45,1787373300000,1787376000000
U75,2,BTC/USD,replay-BTC/USD-6,TIME_EFFICIENCY,81170,81607.8,0.03146274810624217,37.5,13.774391120912911,2.298448137405309,2.310845089414131,9.16509789409347,0.36731709655767764,0.765090133282188,0,185,1788461700000,1788472800000
U75,2,BTC/USD,replay-BTC/USD-7,STRUCTURE_INVALIDATION,81090.8,80948.7,0.041616462679941235,37.5,-5.913699346819892,3.037241026697921,3.031918697285783,-11.982859070803595,-0.15769864924853044,0.13161899930241777,0.2771101528314988,115,1788510900000,1788517800000
U75,2,BTC/USD,replay-BTC/USD-8,EMERGENCY,81349.3,79814.3,0.04685993787711066,37.5,-71.93000464136486,3.430820829911794,3.366083825734566,-78.72690929701122,-1.918133457103063,0,1.9182584169374093,5,1788525000000,1788525300000
U50,2,BTC/USD,replay-BTC/USD-1,PROFIT,65478.4,66623.1,0.0673465460842792,25,77.0915913026747,3.968769674812381,4.038152106984788,69.08466952087754,3.083663652106988,3.083663652106988,0,25,1787151000000,1787152500000
U50,2,BTC/USD,replay-BTC/USD-2,TIME_EFFICIENCY,68766.7,69335.7,0.020472625175479625,25,11.648923724847906,1.2670513862891892,1.2775354176415523,9.104336920917165,0.46595694899391626,0.8635353299017307,0.10752222742162137,185,1787171100000,1787182200000
U50,2,BTC/USD,replay-BTC/USD-3,PROFIT,72685.4,76868.5,0.018175586552143182,25,76.03029610627026,1.188989800899433,1.2574170673950764,73.58388923797574,3.0412118442508103,3.0412118442508103,0.14540469241714546,660,1787260500000,1787300100000
U50,2,BTC/USD,replay-BTC/USD-4,TRAILING,75305.7,77563.7,0.01780717374713816,25,40.20859832103796,1.2068835156448758,1.2430712541338098,37.758643551259276,1.6083439328415186,2.8176647163571675,0.09544645128466053,245,1787289300000,1787304000000
U50,2,BTC/USD,replay-BTC/USD-5,TIME_EFFICIENCY,77688.1,78057.1,0.010993843447669306,25,4.056728232189974,0.76868172823219,0.772332783641161,2.5157137203166227,0.16226912928759896,0.45642040457343636,0.007695690413368515,185,1787346900000,1787358000000
U50,2,BTC/USD,replay-BTC/USD-6,EMERGENCY,78700.5,76955,0.01709284835224945,25,-29.835566798851413,1.210694140571587,1.1838421304526205,-32.23010306987562,-1.1934226719540566,0,1.1900041022836065,45,1787373300000,1787376000000
U50,2,BTC/USD,replay-BTC/USD-7,TIME_EFFICIENCY,81170,81607.8,0.020975165404161444,25,9.182927413941941,1.532298758270206,1.5405633929427536,6.110065262728982,0.36731709655767764,0.765090133282188,0,185,1788461700000,1788472800000
U50,2,BTC/USD,replay-BTC/USD-8,STRUCTURE_INVALIDATION,81090.8,80948.7,0.027744308453294158,25,-3.9424662312132615,2.0248273511319472,2.0212791315238556,-7.988572713869064,-0.15769864924853044,0.1316189993024178,0.2771101528314988,115,1788510900000,1788517800000
U50,2,BTC/USD,replay-BTC/USD-9,EMERGENCY,81349.3,79814.3,0.031239958584740442,25,-47.95333642757658,2.287213886607863,2.244055883823044,-52.48460619800749,-1.918133457103063,0,1.9182584169374093,5,1788525000000,1788525300000
R0,2,ETH/USD,replay-ETH/USD-1,STRUCTURE_INVALIDATION,2286.64,2277.07,0.6382319152428012,50,-6.107879428873422,1.313465964003719,1.3079688725177328,-8.729314265394875,-0.12215758857746845,0.3755356589288652,0.18572548733565167,135,1787220900000,1787229000000
R0,2,ETH/USD,replay-ETH/USD-2,STRUCTURE_INVALIDATION,2325.08,2315.44,0.9104151493080822,50,-8.776402039329797,1.9051092498179123,1.8972104879825151,-12.578721777130223,-0.17552804078659592,0.42042971595047507,0.2452658412235937,150,1787243400000,1787252400000
R0,2,ETH/USD,replay-ETH/USD-4,TRAILING,2412.42,2454.02,0.7121202872896699,50,29.624203951250205,1.546139901117011,1.5728016846731363,26.505262365460055,0.592484079025004,1.8461006327697387,0.010966652424260656,600,1787339400000,1787375400000
R0,2,ETH/USD,replay-ETH/USD-3,TRAILING,2419.47,2454.02,0.7121202872896699,50,24.603755925858223,1.5506583043398636,1.5728016846731363,21.480295936845224,0.49207511851716446,1.7456916722618991,0.16677857128323473,610,1787338800000,1787375400000
R0,2,ETH/USD,replay-ETH/USD-5,STRUCTURE_INVALIDATION,2514.71,2508.42,1.2926099641762339,50,-8.130516674668463,2.9254852827122555,2.9181678177050534,-13.974169775085773,-0.16261033349336929,0.024818111312184633,0.2642094766776288,85,1788499200000,1788504300000
R0,2,ETH/USD,replay-ETH/USD-6,TIME_EFFICIENCY,2515,2524.63,1.5342129487572838,50,14.77447069653281,3.4726910095121117,3.4859880331389914,7.815791653881707,0.2954894139306562,0.737649585762501,0.00889843510279113,185,1788510000000,1788521100000
R0,2,ETH/USD,replay-ETH/USD-7,TIME_EFFICIENCY,2530.56,2524.22,1.434367443957211,50,-9.093889594688926,3.2667775910823234,3.2585930904471034,-15.619260276218354,-0.18187779189377853,0.2432687184951435,0.40678660710626036,185,1788512700000,1788523800000
R1,2,ETH/USD,replay-ETH/USD-1,STRUCTURE_INVALIDATION,1908.72,1904.85,2.0886378103118983,37.5,-8.083028325907293,3.587962285168674,3.5806875596753573,-15.251678170751324,-0.2155474220241945,0,0.21666136218969315,35,1786995600000,1786997700000
R1,2,ETH/USD,replay-ETH/USD-2,STRUCTURE_INVALIDATION,2286.64,2277.07,0.6382319152428012,50,-6.107879428873422,1.313465964003719,1.3079688725177328,-8.729314265394875,-0.12215758857746845,0.3755356589288652,0.18572548733565167,135,1787220900000,1787229000000
R1,2,ETH/USD,replay-ETH/USD-3,STRUCTURE_INVALIDATION,2325.08,2315.44,0.6828113619810616,37.5,-6.5823015294973475,1.428831937363434,1.4229078659868863,-9.434041332847668,-0.17552804078659592,0.420429715950475,0.2452658412235937,150,1787243400000,1787252400000
R1,2,ETH/USD,replay-ETH/USD-5,TRAILING,2412.42,2454.02,0.5340902154672524,37.5,22.218152963437653,1.159604925837758,1.179601263504852,19.87894677409504,0.592484079025004,1.846100632769739,0.010966652424260658,600,1787339400000,1787375400000
R1,2,ETH/USD,replay-ETH/USD-4,TRAILING,2419.47,2454.02,0.5340902154672524,37.5,18.452816944393668,1.1629937282548979,1.179601263504852,16.110221952633918,0.49207511851716446,1.7456916722618991,0.16677857128323473,610,1787338800000,1787375400000
R1,2,ETH/USD,replay-ETH/USD-6,STRUCTURE_INVALIDATION,2514.71,2508.42,0.9694574731321755,37.5,-6.097887506001348,2.1941139620341916,2.1886258632787903,-10.48062733131433,-0.16261033349336929,0.024818111312184633,0.2642094766776288,85,1788499200000,1788504300000
R1,2,ETH/USD,replay-ETH/USD-7,TIME_EFFICIENCY,2515,2524.63,1.1506597115679627,37.5,11.080853022399605,2.6045182571340835,2.614491024854243,5.861843740411279,0.2954894139306562,0.7376495857625008,0.008898435102791128,185,1788510000000,1788521100000
R1,2,ETH/USD,replay-ETH/USD-8,TIME_EFFICIENCY,2530.56,2524.22,1.0757755829679083,37.5,-6.820417196016695,2.450083193311743,2.4439448178353276,-11.714445207163767,-0.18187779189377853,0.24326871849514353,0.40678660710626036,185,1788512700000,1788523800000
U75,2,ETH/USD,replay-ETH/USD-1,STRUCTURE_INVALIDATION,1908.72,1904.85,2.0886378103118983,37.5,-8.083028325907293,3.587962285168674,3.5806875596753573,-15.251678170751324,-0.2155474220241945,0,0.21666136218969315,35,1786995600000,1786997700000
U75,2,ETH/USD,replay-ETH/USD-2,STRUCTURE_INVALIDATION,2286.64,2277.07,0.47867393643210093,37.5,-4.5809095716550665,0.9850994730027893,0.9809766543882996,-6.5469856990461555,-0.12215758857746845,0.3755356589288652,0.1857254873356517,135,1787220900000,1787229000000
U75,2,ETH/USD,replay-ETH/USD-3,STRUCTURE_INVALIDATION,2325.08,2315.44,0.6828113619810616,37.5,-6.5823015294973475,1.428831937363434,1.4229078659868863,-9.434041332847668,-0.17552804078659592,0.420429715950475,0.2452658412235937,150,1787243400000,1787252400000
U75,2,ETH/USD,replay-ETH/USD-5,TRAILING,2412.42,2454.02,0.5340902154672524,37.5,22.218152963437653,1.159604925837758,1.179601263504852,19.87894677409504,0.592484079025004,1.846100632769739,0.010966652424260658,600,1787339400000,1787375400000
U75,2,ETH/USD,replay-ETH/USD-4,TRAILING,2419.47,2454.02,0.5340902154672524,37.5,18.452816944393668,1.1629937282548979,1.179601263504852,16.110221952633918,0.49207511851716446,1.7456916722618991,0.16677857128323473,610,1787338800000,1787375400000
U75,2,ETH/USD,replay-ETH/USD-6,STRUCTURE_INVALIDATION,2514.71,2508.42,0.9694574731321755,37.5,-6.097887506001348,2.1941139620341916,2.1886258632787903,-10.48062733131433,-0.16261033349336929,0.024818111312184633,0.2642094766776288,85,1788499200000,1788504300000
U75,2,ETH/USD,replay-ETH/USD-7,TIME_EFFICIENCY,2515,2524.63,1.1506597115679627,37.5,11.080853022399605,2.6045182571340835,2.614491024854243,5.861843740411279,0.2954894139306562,0.7376495857625008,0.008898435102791128,185,1788510000000,1788521100000
U75,2,ETH/USD,replay-ETH/USD-8,TIME_EFFICIENCY,2530.56,2524.22,1.0757755829679083,37.5,-6.820417196016695,2.450083193311743,2.4439448178353276,-11.714445207163767,-0.18187779189377853,0.24326871849514353,0.40678660710626036,185,1788512700000,1788523800000
U50,2,ETH/USD,replay-ETH/USD-1,STRUCTURE_INVALIDATION,1908.72,1904.85,1.3924252068745988,25,-5.388685550604862,2.391974856779116,2.3871250397835713,-10.16778544716755,-0.2155474220241945,0,0.21666136218969315,35,1786995600000,1786997700000
U50,2,ETH/USD,replay-ETH/USD-2,STRUCTURE_INVALIDATION,2286.64,2277.07,0.3191159576214006,25,-3.053939714436711,0.6567329820018595,0.6539844362588664,-4.364657132697437,-0.12215758857746845,0.3755356589288652,0.18572548733565167,135,1787220900000,1787229000000
U50,2,ETH/USD,replay-ETH/USD-3,STRUCTURE_INVALIDATION,2325.08,2315.44,0.4552075746540411,25,-4.388201019664899,0.9525546249089561,0.9486052439912576,-6.2893608885651116,-0.17552804078659592,0.42042971595047507,0.2452658412235937,150,1787243400000,1787252400000
U50,2,ETH/USD,replay-ETH/USD-5,TRAILING,2412.42,2454.02,0.35606014364483496,25,14.812101975625103,0.7730699505585055,0.7864008423365682,13.252631182730028,0.592484079025004,1.8461006327697387,0.010966652424260656,600,1787339400000,1787375400000
U50,2,ETH/USD,replay-ETH/USD-4,TRAILING,2419.47,2454.02,0.35606014364483496,25,12.301877962929112,0.7753291521699318,0.7864008423365682,10.740147968422612,0.49207511851716446,1.7456916722618991,0.16677857128323473,610,1787338800000,1787375400000
U50,2,ETH/USD,replay-ETH/USD-6,STRUCTURE_INVALIDATION,2514.71,2508.42,0.6463049820881169,25,-4.065258337334232,1.4627426413561277,1.4590839088525267,-6.987084887542887,-0.16261033349336929,0.024818111312184633,0.2642094766776288,85,1788499200000,1788504300000
U50,2,ETH/USD,replay-ETH/USD-7,TIME_EFFICIENCY,2515,2524.63,0.7671064743786419,25,7.387235348266405,1.7363455047560559,1.7429940165694957,3.9078958269408535,0.2954894139306562,0.737649585762501,0.00889843510279113,185,1788510000000,1788521100000
U50,2,ETH/USD,replay-ETH/USD-8,TIME_EFFICIENCY,2530.56,2524.22,0.7171837219786055,25,-4.546944797344463,1.6333887955411617,1.6292965452235517,-7.809630138109177,-0.18187779189377853,0.2432687184951435,0.40678660710626036,185,1788512700000,1788523800000
R0,2,SOL/USD,replay-SOL/USD-1,PROFIT,82.14,86.99,32.080659945004676,50,155.5912007332725,2.371594867094416,2.511626947754361,150.70797891842372,3.11182401466545,3.11182401466545,0.08340971585700924,165,1787165100000,1787175000000
R0,2,SOL/USD,replay-SOL/USD-2,STRUCTURE_INVALIDATION,85.64,84.7,19.12568306010932,50,-17.978142076502717,1.474131147540986,1.4579508196721336,-20.91022404371584,-0.35956284153005436,0,0.35956284153005436,50,1787186400000,1787189400000
R0,2,SOL/USD,replay-SOL/USD-3,TIME_EFFICIENCY,87.57,86.73,21.861336664584606,50,-18.363522798250834,1.7229575265459063,1.7064303560274805,-21.79291068082422,-0.3672704559650167,0.17926296064959849,0.3847595252966871,185,1787217300000,1787228400000
R0,2,SOL/USD,replay-SOL/USD-4,STRUCTURE_INVALIDATION,87.79,86.92,23.411371237458145,50,-20.367892976588692,1.8497558528428055,1.8314247491638758,-24.049073578595372,-0.4073578595317739,0,0.5150501672240831,40,1787226600000,1787229000000
R0,2,SOL/USD,replay-SOL/USD-6,STRUCTURE_INVALIDATION,87.46,86.83,29.560810810810732,50,-18.623310810810626,2.326849662162156,2.310088682432426,-23.26024915540521,-0.3724662162162125,0.17736486486487113,0.46706081081080486,135,1787244300000,1787252400000
R0,2,SOL/USD,replay-SOL/USD-5,STRUCTURE_INVALIDATION,87.28,86.83,29.560810810810732,50,-13.302364864864913,2.3220608108108047,2.310088682432426,-17.934514358108142,-0.26604729729729826,0.2837837837837854,0.36064189189189055,170,1787242200000,1787252400000
R0,2,SOL/USD,replay-SOL/USD-7,TIME_EFFICIENCY,87.39,87.23,28.271405492730217,50,-4.523424878836738,2.2235743134087245,2.2195032310177716,-8.966502423263234,-0.09046849757673477,0.20355411954765723,0.11873990306946337,185,1787254800000,1787265900000
R0,2,SOL/USD,replay-SOL/USD-8,STRUCTURE_INVALIDATION,87.74,87.22,29.166666666666703,50,-15.16666666666657,2.3031750000000026,2.2895250000000025,-19.759366666666573,-0.3033333333333314,0,0.31499999999999573,110,1787260200000,1787266800000
R0,2,SOL/USD,replay-SOL/USD-9,TRAILING,90.45,91.35,30.224525043177895,50,27.20207253885985,2.4604274611398966,2.4849093264248703,22.256735751295082,0.544041450777197,1.6925734024179604,0.25388601036269537,195,1787291400000,1787303100000
R0,2,SOL/USD,replay-SOL/USD-10,TIME_EFFICIENCY,91.47,91.77,16.50943396226415,50,4.952830188679198,1.3591061320754716,1.363563679245283,2.2301603773584437,0.09905660377358395,0.18490566037735923,0.23443396226414887,185,1787323500000,1787334600000
R0,2,SOL/USD,replay-SOL/USD-12,TIME_EFFICIENCY,92.4,93.66,17.61449421238048,50,22.194262707599247,1.464821338701561,1.4847961751384002,19.244645193759286,0.44388525415198493,0.8595873175641667,0,190,1787347200000,1787358600000
R0,2,SOL/USD,replay-SOL/USD-11,TIME_EFFICIENCY,92.24,93.57,17.61449421238048,50,23.42727730246601,1.462284851534978,1.4833694011071974,20.481623049823835,0.4685455460493202,0.915953699043788,0,210,1787346900000,1787359500000
R0,2,SOL/USD,replay-SOL/USD-13,TRAILING,95.15,100.09,19.863791146424543,50,98.1271282633372,1.7010357548240658,1.7893501702610692,94.63674233825206,1.962542565266744,2.7928490351872908,0.04370034052213377,135,1787366100000,1787374200000
R0,2,SOL/USD,replay-SOL/USD-15,TRAILING,104.61,107.14,16.517225106182163,50,41.788579518640894,1.5550802265219443,1.5926899480887213,38.64080934403023,0.8357715903728179,1.5823501651722531,0.013213780084947797,280,1787838000000,1787854800000
R0,2,SOL/USD,replay-SOL/USD-14,TRAILING,102.02,107.14,19.47690595436839,50,99.72175848636626,1.7883305509181968,1.8780801335559263,96.05534780189213,1.994435169727325,2.8747913188647782,0.41291040623261077,740,1787810400000,1787854800000
R0,2,SOL/USD,replay-SOL/USD-17,STRUCTURE_INVALIDATION,109.97,107.86,15.086206896551749,50,-31.83189655172418,1.4931271551724161,1.4644784482758644,-34.78950215517246,-0.6366379310344836,0,0.6245689655172404,80,1787877600000,1787882400000
R0,2,SOL/USD,replay-SOL/USD-16,STRUCTURE_INVALIDATION,109.94,107.86,14.730639730639755,50,-30.639730639730665,1.457537878787881,1.4299621212121234,-33.52723063973067,-0.6127946127946133,0.002946127946129458,0.6010101010100997,150,1787873400000,1787882400000
R0,2,SOL/USD,replay-SOL/USD-18,TIME_EFFICIENCY,104.97,105.33,21.91609267376331,50,7.889793362554779,2.070479023168441,2.0775798371947403,3.7417345021915978,0.15779586725109557,0.3024420788979327,0.04383218534752412,185,1788461400000,1788472500000
R0,2,SOL/USD,replay-SOL/USD-19,TIME_EFFICIENCY,105.18,105.22,21.91609267376331,50,0.876643706950358,2.0746211646837827,2.075410144020038,-3.2733876017534627,0.01753287413900716,0.2103944896681233,0.13587977457733352,185,1788461700000,1788472800000
R0,2,SOL/USD,replay-SOL/USD-20,STRUCTURE_INVALIDATION,104.29,103.69,23.14814814814816,50,-13.888888888889094,2.1727083333333344,2.160208333333334,-18.22180555555576,-0.2777777777777819,0,0.25462962962963503,60,1788496200000,1788499800000
R0,2,SOL/USD,replay-SOL/USD-21,TIME_EFFICIENCY,105.99,106.55,28.5248573757131,50,15.973920130399401,2.7210146699266478,2.7353911980440078,10.517514262428746,0.319478402607988,0.5819070904645531,0,185,1788686400000,1788697500000
R0,2,SOL/USD,replay-SOL/USD-22,STRUCTURE_INVALIDATION,107.13,106.27,26.138909634055263,50,-22.47946228528751,2.520235250186706,2.5000037341299475,-27.499701269604163,-0.4495892457057502,0,0.6587005227781879,110,1788699300000,1788705900000
R1,2,SOL/USD,replay-SOL/USD-1,PROFIT,82.14,86.99,24.060494958753505,37.5,116.69340054995436,1.7786961503208116,1.8837202108157707,113.03098418881778,3.11182401466545,3.1118240146654497,0.08340971585700924,165,1787165100000,1787175000000
R1,2,SOL/USD,replay-SOL/USD-2,STRUCTURE_INVALIDATION,85.64,84.7,19.12568306010932,50,-17.978142076502717,1.474131147540986,1.4579508196721336,-20.91022404371584,-0.35956284153005436,0,0.35956284153005436,50,1787186400000,1787189400000
R1,2,SOL/USD,replay-SOL/USD-3,TIME_EFFICIENCY,87.57,86.73,21.861336664584606,50,-18.363522798250834,1.7229575265459063,1.7064303560274805,-21.79291068082422,-0.3672704559650167,0.17926296064959849,0.3847595252966871,185,1787217300000,1787228400000
R1,2,SOL/USD,replay-SOL/USD-4,STRUCTURE_INVALIDATION,87.79,86.92,17.55852842809361,37.5,-15.27591973244152,1.3873168896321042,1.373568561872907,-18.036805183946534,-0.4073578595317739,0,0.5150501672240831,40,1787226600000,1787229000000
R1,2,SOL/USD,replay-SOL/USD-6,STRUCTURE_INVALIDATION,87.46,86.83,22.17060810810805,37.5,-13.96748310810797,1.7451372466216168,1.7325665118243196,-17.445186866553907,-0.3724662162162125,0.17736486486487113,0.46706081081080486,135,1787244300000,1787252400000
R1,2,SOL/USD,replay-SOL/USD-5,STRUCTURE_INVALIDATION,87.28,86.83,22.17060810810805,37.5,-9.976773648648685,1.7415456081081033,1.7325665118243196,-13.450885768581108,-0.26604729729729826,0.2837837837837854,0.3606418918918906,170,1787242200000,1787252400000
R1,2,SOL/USD,replay-SOL/USD-7,TIME_EFFICIENCY,87.39,87.23,21.203554119547665,37.5,-3.392568659127554,1.6676807350565432,1.6646274232633287,-6.724876817447426,-0.09046849757673477,0.20355411954765726,0.1187399030694634,185,1787254800000,1787265900000
R1,2,SOL/USD,replay-SOL/USD-8,STRUCTURE_INVALIDATION,87.74,87.22,21.87500000000003,37.5,-11.374999999999927,1.727381250000002,1.7171437500000022,-14.819524999999931,-0.3033333333333314,0,0.3149999999999958,110,1787260200000,1787266800000
R1,2,SOL/USD,replay-SOL/USD-9,TRAILING,90.45,91.35,22.668393782383422,37.5,20.401554404144886,1.8453205958549224,1.863681994818653,16.69255181347131,0.544041450777197,1.6925734024179604,0.25388601036269537,195,1787291400000,1787303100000
R1,2,SOL/USD,replay-SOL/USD-10,TIME_EFFICIENCY,91.47,91.77,12.382075471698112,37.5,3.7146226415093984,1.0193295990566036,1.0226727594339622,1.6726202830188324,0.09905660377358395,0.18490566037735923,0.23443396226414887,185,1787323500000,1787334600000
R1,2,SOL/USD,replay-SOL/USD-12,TIME_EFFICIENCY,92.4,93.66,13.21087065928536,37.5,16.645697030699434,1.0986160040261705,1.1135971313538,14.433483895319464,0.44388525415198493,0.8595873175641666,0,190,1787347200000,1787358600000
R1,2,SOL/USD,replay-SOL/USD-11,TIME_EFFICIENCY,92.24,93.57,13.21087065928536,37.5,17.570457976849507,1.0967136386512333,1.112527050830398,15.361217287367875,0.4685455460493202,0.915953699043788,0,210,1787346900000,1787359500000
R1,2,SOL/USD,replay-SOL/USD-13,TRAILING,95.15,100.09,14.897843359818408,37.5,73.5953461975029,1.2757768161180494,1.3420126276958022,70.97755675368904,1.962542565266744,2.792849035187291,0.04370034052213377,135,1787366100000,1787374200000
R1,2,SOL/USD,replay-SOL/USD-15,TRAILING,104.61,107.14,16.517225106182163,50,41.788579518640894,1.5550802265219443,1.5926899480887213,38.64080934403023,0.8357715903728179,1.5823501651722531,0.013213780084947797,280,1787838000000,1787854800000
R1,2,SOL/USD,replay-SOL/USD-14,TRAILING,102.02,107.14,14.607679465776293,37.5,74.79131886477468,1.3412479131886474,1.4085601001669448,72.04151085141908,1.994435169727325,2.8747913188647782,0.41291040623261077,740,1787810400000,1787854800000
R1,2,SOL/USD,replay-SOL/USD-17,STRUCTURE_INVALIDATION,109.97,107.86,11.314655172413811,37.5,-23.873922413793135,1.1198453663793122,1.0983588362068983,-26.092126616379346,-0.6366379310344836,0,0.6245689655172403,80,1787877600000,1787882400000
R1,2,SOL/USD,replay-SOL/USD-16,STRUCTURE_INVALIDATION,109.94,107.86,11.047979797979815,37.5,-22.979797979797997,1.0931534090909107,1.0724715909090927,-25.145422979798,-0.6127946127946133,0.002946127946129458,0.6010101010100997,150,1787873400000,1787882400000
R1,2,SOL/USD,replay-SOL/USD-18,TIME_EFFICIENCY,104.97,105.33,21.91609267376331,50,7.889793362554779,2.070479023168441,2.0775798371947403,3.7417345021915978,0.15779586725109557,0.3024420788979327,0.04383218534752412,185,1788461400000,1788472500000
R1,2,SOL/USD,replay-SOL/USD-19,TIME_EFFICIENCY,105.18,105.22,21.91609267376331,50,0.876643706950358,2.0746211646837827,2.075410144020038,-3.2733876017534627,0.01753287413900716,0.2103944896681233,0.13587977457733352,185,1788461700000,1788472800000
R1,2,SOL/USD,replay-SOL/USD-20,STRUCTURE_INVALIDATION,104.29,103.69,17.36111111111112,37.5,-10.41666666666682,1.629531250000001,1.6201562500000009,-13.666354166666823,-0.2777777777777819,0,0.2546296296296351,60,1788496200000,1788499800000
R1,2,SOL/USD,replay-SOL/USD-21,TIME_EFFICIENCY,105.99,106.55,21.393643031784823,37.5,11.98044009779955,2.040761002444986,2.0515433985330054,7.888135696821558,0.319478402607988,0.581907090464553,0,185,1788686400000,1788697500000
R1,2,SOL/USD,replay-SOL/USD-22,STRUCTURE_INVALIDATION,107.13,106.27,19.604182225541447,37.5,-16.859596713965633,1.8901764376400296,1.8750028005974604,-20.624775952203123,-0.4495892457057502,0,0.6587005227781879,110,1788699300000,1788705900000
U75,2,SOL/USD,replay-SOL/USD-1,PROFIT,82.14,86.99,24.060494958753505,37.5,116.69340054995436,1.7786961503208116,1.8837202108157707,113.03098418881778,3.11182401466545,3.1118240146654497,0.08340971585700924,165,1787165100000,1787175000000
U75,2,SOL/USD,replay-SOL/USD-2,STRUCTURE_INVALIDATION,85.64,84.7,14.344262295081991,37.5,-13.483606557377039,1.1055983606557396,1.0934631147541003,-15.682668032786879,-0.35956284153005436,0,0.35956284153005436,50,1787186400000,1787189400000
U75,2,SOL/USD,replay-SOL/USD-3,TIME_EFFICIENCY,87.57,86.73,16.396002498438456,37.5,-13.772642098688126,1.2922181449094299,1.2798227670206106,-16.344683010618166,-0.3672704559650167,0.17926296064959849,0.3847595252966871,185,1787217300000,1787228400000
U75,2,SOL/USD,replay-SOL/USD-4,STRUCTURE_INVALIDATION,87.79,86.92,17.55852842809361,37.5,-15.27591973244152,1.3873168896321042,1.373568561872907,-18.036805183946534,-0.4073578595317739,0,0.5150501672240831,40,1787226600000,1787229000000
U75,2,SOL/USD,replay-SOL/USD-6,STRUCTURE_INVALIDATION,87.46,86.83,22.17060810810805,37.5,-13.96748310810797,1.7451372466216168,1.7325665118243196,-17.445186866553907,-0.3724662162162125,0.17736486486487113,0.46706081081080486,135,1787244300000,1787252400000
U75,2,SOL/USD,replay-SOL/USD-5,STRUCTURE_INVALIDATION,87.28,86.83,22.17060810810805,37.5,-9.976773648648685,1.7415456081081033,1.7325665118243196,-13.450885768581108,-0.26604729729729826,0.2837837837837854,0.3606418918918906,170,1787242200000,1787252400000
U75,2,SOL/USD,replay-SOL/USD-7,TIME_EFFICIENCY,87.39,87.23,21.203554119547665,37.5,-3.392568659127554,1.6676807350565432,1.6646274232633287,-6.724876817447426,-0.09046849757673477,0.20355411954765726,0.1187399030694634,185,1787254800000,1787265900000
U75,2,SOL/USD,replay-SOL/USD-8,STRUCTURE_INVALIDATION,87.74,87.22,21.87500000000003,37.5,-11.374999999999927,1.727381250000002,1.7171437500000022,-14.819524999999931,-0.3033333333333314,0,0.3149999999999958,110,1787260200000,1787266800000
U75,2,SOL/USD,replay-SOL/USD-9,TRAILING,90.45,91.35,22.668393782383422,37.5,20.401554404144886,1.8453205958549224,1.863681994818653,16.69255181347131,0.544041450777197,1.6925734024179604,0.25388601036269537,195,1787291400000,1787303100000
U75,2,SOL/USD,replay-SOL/USD-10,TIME_EFFICIENCY,91.47,91.77,12.382075471698112,37.5,3.7146226415093984,1.0193295990566036,1.0226727594339622,1.6726202830188324,0.09905660377358395,0.18490566037735923,0.23443396226414887,185,1787323500000,1787334600000
U75,2,SOL/USD,replay-SOL/USD-12,TIME_EFFICIENCY,92.4,93.66,13.21087065928536,37.5,16.645697030699434,1.0986160040261705,1.1135971313538,14.433483895319464,0.44388525415198493,0.8595873175641666,0,190,1787347200000,1787358600000
U75,2,SOL/USD,replay-SOL/USD-11,TIME_EFFICIENCY,92.24,93.57,13.21087065928536,37.5,17.570457976849507,1.0967136386512333,1.112527050830398,15.361217287367875,0.4685455460493202,0.915953699043788,0,210,1787346900000,1787359500000
U75,2,SOL/USD,replay-SOL/USD-13,TRAILING,95.15,100.09,14.897843359818408,37.5,73.5953461975029,1.2757768161180494,1.3420126276958022,70.97755675368904,1.962542565266744,2.792849035187291,0.04370034052213377,135,1787366100000,1787374200000
U75,2,SOL/USD,replay-SOL/USD-15,TRAILING,104.61,107.14,12.387918829636623,37.5,31.341434638980672,1.1663101698914584,1.194517461066541,28.98060700802267,0.8357715903728179,1.5823501651722536,0.013213780084947797,280,1787838000000,1787854800000
U75,2,SOL/USD,replay-SOL/USD-14,TRAILING,102.02,107.14,14.607679465776293,37.5,74.79131886477468,1.3412479131886474,1.4085601001669448,72.04151085141908,1.994435169727325,2.8747913188647782,0.41291040623261077,740,1787810400000,1787854800000
U75,2,SOL/USD,replay-SOL/USD-17,STRUCTURE_INVALIDATION,109.97,107.86,11.314655172413811,37.5,-23.873922413793135,1.1198453663793122,1.0983588362068983,-26.092126616379346,-0.6366379310344836,0,0.6245689655172403,80,1787877600000,1787882400000
U75,2,SOL/USD,replay-SOL/USD-16,STRUCTURE_INVALIDATION,109.94,107.86,11.047979797979815,37.5,-22.979797979797997,1.0931534090909107,1.0724715909090927,-25.145422979798,-0.6127946127946133,0.002946127946129458,0.6010101010100997,150,1787873400000,1787882400000
U75,2,SOL/USD,replay-SOL/USD-18,TIME_EFFICIENCY,104.97,105.33,16.43706950532248,37.5,5.917345021916083,1.5528592673763306,1.5581848778960552,2.8063008766436974,0.15779586725109557,0.3024420788979326,0.04383218534752412,185,1788461400000,1788472500000
U75,2,SOL/USD,replay-SOL/USD-19,TIME_EFFICIENCY,105.18,105.22,16.43706950532248,37.5,0.6574827802127684,1.5559658735128368,1.556557608015028,-2.4550407013150966,0.01753287413900716,0.21039448966812324,0.1358797745773335,185,1788461700000,1788472800000
U75,2,SOL/USD,replay-SOL/USD-20,STRUCTURE_INVALIDATION,104.29,103.69,17.36111111111112,37.5,-10.41666666666682,1.629531250000001,1.6201562500000009,-13.666354166666823,-0.2777777777777819,0,0.2546296296296351,60,1788496200000,1788499800000
U75,2,SOL/USD,replay-SOL/USD-21,TIME_EFFICIENCY,105.99,106.55,21.393643031784823,37.5,11.98044009779955,2.040761002444986,2.0515433985330054,7.888135696821558,0.319478402607988,0.581907090464553,0,185,1788686400000,1788697500000
U75,2,SOL/USD,replay-SOL/USD-22,STRUCTURE_INVALIDATION,107.13,106.27,19.604182225541447,37.5,-16.859596713965633,1.8901764376400296,1.8750028005974604,-20.624775952203123,-0.4495892457057502,0,0.6587005227781879,110,1788699300000,1788705900000
U50,2,SOL/USD,replay-SOL/USD-1,PROFIT,82.14,86.99,16.040329972502338,25,77.79560036663625,1.185797433547208,1.2558134738771805,75.35398945921186,3.11182401466545,3.11182401466545,0.08340971585700924,165,1787165100000,1787175000000
U50,2,SOL/USD,replay-SOL/USD-2,STRUCTURE_INVALIDATION,85.64,84.7,9.56284153005466,25,-8.989071038251359,0.737065573770493,0.7289754098360668,-10.45511202185792,-0.35956284153005436,0,0.35956284153005436,50,1787186400000,1787189400000
U50,2,SOL/USD,replay-SOL/USD-3,TIME_EFFICIENCY,87.57,86.73,10.930668332292303,25,-9.181761399125417,0.8614787632729531,0.8532151780137402,-10.89645534041211,-0.3672704559650167,0.17926296064959849,0.3847595252966871,185,1787217300000,1787228400000
U50,2,SOL/USD,replay-SOL/USD-4,STRUCTURE_INVALIDATION,87.79,86.92,11.705685618729072,25,-10.183946488294346,0.9248779264214028,0.9157123745819379,-12.024536789297686,-0.4073578595317739,0,0.5150501672240831,40,1787226600000,1787229000000
U50,2,SOL/USD,replay-SOL/USD-6,STRUCTURE_INVALIDATION,87.46,86.83,14.780405405405366,25,-9.311655405405313,1.163424831081078,1.155044341216213,-11.630124577702604,-0.3724662162162125,0.17736486486487113,0.46706081081080486,135,1787244300000,1787252400000
U50,2,SOL/USD,replay-SOL/USD-5,STRUCTURE_INVALIDATION,87.28,86.83,14.780405405405366,25,-6.651182432432456,1.1610304054054024,1.155044341216213,-8.967257179054071,-0.26604729729729826,0.2837837837837854,0.36064189189189055,170,1787242200000,1787252400000
U50,2,SOL/USD,replay-SOL/USD-7,TIME_EFFICIENCY,87.39,87.23,14.135702746365109,25,-2.261712439418369,1.1117871567043622,1.1097516155088858,-4.483251211631617,-0.09046849757673477,0.20355411954765723,0.11873990306946337,185,1787254800000,1787265900000
U50,2,SOL/USD,replay-SOL/USD-8,STRUCTURE_INVALIDATION,87.74,87.22,14.583333333333352,25,-7.583333333333285,1.1515875000000013,1.1447625000000012,-9.879683333333286,-0.3033333333333314,0,0.31499999999999573,110,1787260200000,1787266800000
U50,2,SOL/USD,replay-SOL/USD-9,TRAILING,90.45,91.35,15.112262521588947,25,13.601036269429924,1.2302137305699483,1.2424546632124351,11.128367875647541,0.544041450777197,1.6925734024179604,0.25388601036269537,195,1787291400000,1787303100000
U50,2,SOL/USD,replay-SOL/USD-10,TIME_EFFICIENCY,91.47,91.77,8.254716981132075,25,2.476415094339599,0.6795530660377358,0.6817818396226415,1.1150801886792219,0.09905660377358395,0.18490566037735923,0.23443396226414887,185,1787323500000,1787334600000
U50,2,SOL/USD,replay-SOL/USD-12,TIME_EFFICIENCY,92.4,93.66,8.80724710619024,25,11.097131353799623,0.7324106693507805,0.7423980875692001,9.622322596879643,0.44388525415198493,0.8595873175641667,0,190,1787347200000,1787358600000
U50,2,SOL/USD,replay-SOL/USD-11,TIME_EFFICIENCY,92.24,93.57,8.80724710619024,25,11.713638651233005,0.731142425767489,0.7416847005535987,10.240811524911917,0.4685455460493202,0.915953699043788,0,210,1787346900000,1787359500000
U50,2,SOL/USD,replay-SOL/USD-13,TRAILING,95.15,100.09,9.931895573212271,25,49.0635641316686,0.8505178774120329,0.8946750851305346,47.31837116912603,1.962542565266744,2.7928490351872908,0.04370034052213377,135,1787366100000,1787374200000
U50,2,SOL/USD,replay-SOL/USD-15,TRAILING,104.61,107.14,8.258612553091082,25,20.894289759320447,0.7775401132609722,0.7963449740443607,19.320404672015115,0.8357715903728179,1.5823501651722531,0.013213780084947797,280,1787838000000,1787854800000
U50,2,SOL/USD,replay-SOL/USD-14,TRAILING,102.02,107.14,9.738452977184195,25,49.86087924318313,0.8941652754590984,0.9390400667779631,48.02767390094606,1.994435169727325,2.8747913188647782,0.41291040623261077,740,1787810400000,1787854800000
U50,2,SOL/USD,replay-SOL/USD-17,STRUCTURE_INVALIDATION,109.97,107.86,7.5431034482758745,25,-15.91594827586209,0.7465635775862081,0.7322392241379322,-17.39475107758623,-0.6366379310344836,0,0.6245689655172404,80,1787877600000,1787882400000
U50,2,SOL/USD,replay-SOL/USD-16,STRUCTURE_INVALIDATION,109.94,107.86,7.3653198653198775,25,-15.319865319865333,0.7287689393939405,0.7149810606060617,-16.763615319865334,-0.6127946127946133,0.002946127946129458,0.6010101010100997,150,1787873400000,1787882400000
U50,2,SOL/USD,replay-SOL/USD-18,TIME_EFFICIENCY,104.97,105.33,10.958046336881655,25,3.9448966812773896,1.0352395115842206,1.0387899185973701,1.8708672510957989,0.15779586725109557,0.3024420788979327,0.04383218534752412,185,1788461400000,1788472500000
U50,2,SOL/USD,replay-SOL/USD-19,TIME_EFFICIENCY,105.18,105.22,10.958046336881655,25,0.438321853475179,1.0373105823418913,1.037705072010019,-1.6366938008767313,0.01753287413900716,0.2103944896681233,0.13587977457733352,185,1788461700000,1788472800000
U50,2,SOL/USD,replay-SOL/USD-20,STRUCTURE_INVALIDATION,104.29,103.69,11.57407407407408,25,-6.944444444444547,1.0863541666666672,1.080104166666667,-9.11090277777788,-0.2777777777777819,0,0.25462962962963503,60,1788496200000,1788499800000
U50,2,SOL/USD,replay-SOL/USD-21,TIME_EFFICIENCY,105.99,106.55,14.26242868785655,25,7.986960065199701,1.3605073349633239,1.3676955990220039,5.258757131214373,0.319478402607988,0.5819070904645531,0,185,1788686400000,1788697500000
U50,2,SOL/USD,replay-SOL/USD-22,STRUCTURE_INVALIDATION,107.13,106.27,13.069454817027632,25,-11.239731142643755,1.260117625093353,1.2500018670649737,-13.749850634802081,-0.4495892457057502,0,0.6587005227781879,110,1788699300000,1788705900000
R0,2,XRP/USD,replay-XRP/USD-1,TIME_EFFICIENCY,1.29684,1.306,771.1051478979674,50,7.063323154745426,0.9,0.9063569908392709,5.256966163906155,0.1412664630949085,0.3499275161160991,0.14280867339070427,185,1787279400000,1787290500000
R0,2,XRP/USD,replay-XRP/USD-2,BREAK_EVEN,1.36499,1.36476,942.1772369979512,50,-0.216700764509484,1.15745625605685,1.1572612253687915,-2.5314182459351255,-0.00433401529018968,1.1522827608484951,0.011682997738771635,145,1787304300000,1787313000000
R0,2,XRP/USD,replay-XRP/USD-3,TIME_EFFICIENCY,1.41154,1.39153,708.4460943366819,50,-14.176006347677063,0.9,0.8872415942870906,-15.963247941964154,-0.2835201269535413,0.10895900930898131,0.3324029074627717,185,1787319900000,1787331000000
R0,2,XRP/USD,replay-XRP/USD-4,TIME_EFFICIENCY,1.41849,1.39652,704.9750086359438,50,-15.488300939731717,0.9,0.8860605291542414,-17.27436146888596,-0.30976601879463433,0.006203780075996248,0.4287658002523817,185,1787320200000,1787331300000
R0,2,XRP/USD,replay-XRP/USD-5,PROFIT,1.45424,1.67951,687.6444053251183,50,154.90565518758947,0.9,1.0394150896688306,152.96624009792063,3.098113103751789,3.089036197601496,0.32374298602706425,305,1787356800000,1787375100000
R0,2,XRP/USD,replay-XRP/USD-7,EMERGENCY,1.61324,1.52376,619.8705710247699,50,-55.46601869529641,0.8999999999999998,0.8500805831742331,-57.216099278470644,-1.1093203739059283,0,1.1101881927053632,35,1787383800000,1787385900000
R0,2,XRP/USD,replay-XRP/USD-6,EMERGENCY,1.59647,1.51313,626.3819551886348,50,-52.202672145420806,0.8999999999999999,0.8530175950691211,-53.95568974048992,-1.0440534429084163,0.20119388400658905,1.0582096750956802,65,1787383500000,1787387400000
R0,2,XRP/USD,replay-XRP/USD-8,STRUCTURE_INVALIDATION,1.47409,1.44627,1246.0393748442457,50,-34.66481540816686,1.6530967638577385,1.6218984299903882,-37.93981060201499,-0.6932963081633372,0,0.6838264089145197,75,1788470100000,1788474600000
R0,2,XRP/USD,replay-XRP/USD-9,STRUCTURE_INVALIDATION,1.45547,1.44788,1247.0605002494135,50,-9.46518919689303,1.6335532316682124,1.6250345613910087,-12.723776989952253,-0.1893037839378606,0.020202380104039935,0.19479085013896075,60,1788496200000,1788499800000
R0,2,XRP/USD,replay-XRP/USD-10,STRUCTURE_INVALIDATION,1.45437,1.44553,1724.3927674040492,50,-15.243632063851724,2.257114598216484,2.2433953293590174,-19.744141991427227,-0.30487264127703445,0.01793368478100473,0.33729122530422856,55,1788514500000,1788517800000
R0,2,XRP/USD,replay-XRP/USD-11,STRUCTURE_INVALIDATION,1.4436,1.42893,2089.053360391543,50,-30.646412796943853,2.714181687955108,2.6865999164378587,-36.04719440133682,-0.612928255938877,0,0.6212844693804422,85,1788941100000,1788946200000
R1,2,XRP/USD,replay-XRP/USD-1,TIME_EFFICIENCY,1.29684,1.306,385.5525739489837,25,3.531661577372713,0.45,0.45317849541963545,2.6284830819530773,0.1412664630949085,0.3499275161160991,0.14280867339070427,185,1787279400000,1787290500000
R1,2,XRP/USD,replay-XRP/USD-2,BREAK_EVEN,1.36499,1.36476,942.1772369979512,50,-0.216700764509484,1.15745625605685,1.1572612253687915,-2.5314182459351255,-0.00433401529018968,1.1522827608484951,0.011682997738771635,145,1787304300000,1787313000000
R1,2,XRP/USD,replay-XRP/USD-3,TIME_EFFICIENCY,1.41154,1.39153,354.22304716834094,25,-7.088003173838532,0.45,0.4436207971435453,-7.981623970982077,-0.2835201269535413,0.10895900930898131,0.3324029074627717,185,1787319900000,1787331000000
R1,2,XRP/USD,replay-XRP/USD-4,TIME_EFFICIENCY,1.41849,1.39652,352.4875043179719,25,-7.7441504698658585,0.45,0.4430302645771207,-8.63718073444298,-0.30976601879463433,0.006203780075996248,0.4287658002523817,185,1787320200000,1787331300000
R1,2,XRP/USD,replay-XRP/USD-5,PROFIT,1.45424,1.67951,343.82220266255916,25,77.45282759379474,0.45,0.5197075448344153,76.48312004896032,3.098113103751789,3.089036197601496,0.32374298602706425,305,1787356800000,1787375100000
R1,2,XRP/USD,replay-XRP/USD-7,EMERGENCY,1.61324,1.52376,309.93528551238495,25,-27.733009347648206,0.4499999999999999,0.42504029158711654,-28.608049639235322,-1.1093203739059283,0,1.1101881927053632,35,1787383800000,1787385900000
R1,2,XRP/USD,replay-XRP/USD-6,EMERGENCY,1.59647,1.51313,313.1909775943174,25,-26.101336072710403,0.44999999999999996,0.42650879753456056,-26.97784487024496,-1.0440534429084163,0.20119388400658905,1.0582096750956802,65,1787383500000,1787387400000
R1,2,XRP/USD,replay-XRP/USD-8,STRUCTURE_INVALIDATION,1.47409,1.44627,1246.0393748442457,50,-34.66481540816686,1.6530967638577385,1.6218984299903882,-37.93981060201499,-0.6932963081633372,0,0.6838264089145197,75,1788470100000,1788474600000
R1,2,XRP/USD,replay-XRP/USD-9,STRUCTURE_INVALIDATION,1.45547,1.44788,935.29537518706,37.5,-7.098891897669772,1.2251649237511593,1.2187759210432565,-9.542832742464189,-0.1893037839378606,0.020202380104039932,0.19479085013896072,60,1788496200000,1788499800000
R1,2,XRP/USD,replay-XRP/USD-10,STRUCTURE_INVALIDATION,1.45437,1.44553,1724.3927674040492,50,-15.243632063851724,2.257114598216484,2.2433953293590174,-19.744141991427227,-0.30487264127703445,0.01793368478100473,0.33729122530422856,55,1788514500000,1788517800000
R1,2,XRP/USD,replay-XRP/USD-11,STRUCTURE_INVALIDATION,1.4436,1.42893,2089.053360391543,50,-30.646412796943853,2.714181687955108,2.6865999164378587,-36.04719440133682,-0.612928255938877,0,0.6212844693804422,85,1788941100000,1788946200000
U75,2,XRP/USD,replay-XRP/USD-1,TIME_EFFICIENCY,1.29684,1.306,578.3288609234755,37.5,5.2974923660590685,0.6749999999999999,0.6797677431294531,3.9427246229296156,0.1412664630949085,0.3499275161160991,0.14280867339070424,185,1787279400000,1787290500000
U75,2,XRP/USD,replay-XRP/USD-2,BREAK_EVEN,1.36499,1.36476,706.6329277484634,37.5,-0.162525573382113,0.8680921920426374,0.8679459190265937,-1.898563684451344,-0.00433401529018968,1.1522827608484951,0.011682997738771635,145,1787304300000,1787313000000
U75,2,XRP/USD,replay-XRP/USD-3,TIME_EFFICIENCY,1.41154,1.39153,531.3345707525115,37.5,-10.632004760757798,0.6749999999999999,0.665431195715318,-11.972435956473117,-0.2835201269535413,0.10895900930898132,0.3324029074627717,185,1787319900000,1787331000000
U75,2,XRP/USD,replay-XRP/USD-4,TIME_EFFICIENCY,1.41849,1.39652,528.7312564769579,37.5,-11.61622570479879,0.675,0.6645453968656811,-12.955771101664471,-0.30976601879463433,0.006203780075996249,0.42876580025238176,185,1787320200000,1787331300000
U75,2,XRP/USD,replay-XRP/USD-5,PROFIT,1.45424,1.67951,515.7333039938387,37.5,116.17924139069208,0.6749999999999999,0.7795613172516229,114.72468007344047,3.098113103751789,3.089036197601496,0.32374298602706425,305,1787356800000,1787375100000
U75,2,XRP/USD,replay-XRP/USD-7,EMERGENCY,1.61324,1.52376,464.90292826857745,37.5,-41.59951402147231,0.6749999999999999,0.6375604373806748,-42.912074458852985,-1.1093203739059283,0,1.1101881927053632,35,1787383800000,1787385900000
U75,2,XRP/USD,replay-XRP/USD-6,EMERGENCY,1.59647,1.51313,469.78646639147615,37.5,-39.15200410906561,0.6749999999999999,0.639763196301841,-40.46676730536745,-1.0440534429084163,0.20119388400658905,1.0582096750956802,65,1787383500000,1787387400000
U75,2,XRP/USD,replay-XRP/USD-8,STRUCTURE_INVALIDATION,1.47409,1.44627,934.5295311331842,37.5,-25.99861155612514,1.2398225728933037,1.2164238224927912,-28.454857951511237,-0.6932963081633372,0,0.6838264089145196,75,1788470100000,1788474600000
U75,2,XRP/USD,replay-XRP/USD-9,STRUCTURE_INVALIDATION,1.45547,1.44788,935.29537518706,37.5,-7.098891897669772,1.2251649237511593,1.2187759210432565,-9.542832742464189,-0.1893037839378606,0.020202380104039932,0.19479085013896072,60,1788496200000,1788499800000
U75,2,XRP/USD,replay-XRP/USD-10,STRUCTURE_INVALIDATION,1.45437,1.44553,1293.2945755530368,37.5,-11.432724047888792,1.692835948662363,1.6825464970192632,-14.808106493570419,-0.30487264127703445,0.01793368478100473,0.33729122530422856,55,1788514500000,1788517800000
U75,2,XRP/USD,replay-XRP/USD-11,STRUCTURE_INVALIDATION,1.4436,1.42893,1566.7900202936569,37.5,-22.984809597707883,2.035636265966331,2.0149499373283932,-27.035395801002608,-0.612928255938877,0,0.6212844693804422,85,1788941100000,1788946200000
U50,2,XRP/USD,replay-XRP/USD-1,TIME_EFFICIENCY,1.29684,1.306,385.5525739489837,25,3.531661577372713,0.45,0.45317849541963545,2.6284830819530773,0.1412664630949085,0.3499275161160991,0.14280867339070427,185,1787279400000,1787290500000
U50,2,XRP/USD,replay-XRP/USD-2,BREAK_EVEN,1.36499,1.36476,471.0886184989756,25,-0.108350382254742,0.578728128028425,0.5786306126843958,-1.2657091229675628,-0.00433401529018968,1.1522827608484951,0.011682997738771635,145,1787304300000,1787313000000
U50,2,XRP/USD,replay-XRP/USD-3,TIME_EFFICIENCY,1.41154,1.39153,354.22304716834094,25,-7.088003173838532,0.45,0.4436207971435453,-7.981623970982077,-0.2835201269535413,0.10895900930898131,0.3324029074627717,185,1787319900000,1787331000000
U50,2,XRP/USD,replay-XRP/USD-4,TIME_EFFICIENCY,1.41849,1.39652,352.4875043179719,25,-7.7441504698658585,0.45,0.4430302645771207,-8.63718073444298,-0.30976601879463433,0.006203780075996248,0.4287658002523817,185,1787320200000,1787331300000
U50,2,XRP/USD,replay-XRP/USD-5,PROFIT,1.45424,1.67951,343.82220266255916,25,77.45282759379474,0.45,0.5197075448344153,76.48312004896032,3.098113103751789,3.089036197601496,0.32374298602706425,305,1787356800000,1787375100000
U50,2,XRP/USD,replay-XRP/USD-7,EMERGENCY,1.61324,1.52376,309.93528551238495,25,-27.733009347648206,0.4499999999999999,0.42504029158711654,-28.608049639235322,-1.1093203739059283,0,1.1101881927053632,35,1787383800000,1787385900000
U50,2,XRP/USD,replay-XRP/USD-6,EMERGENCY,1.59647,1.51313,313.1909775943174,25,-26.101336072710403,0.44999999999999996,0.42650879753456056,-26.97784487024496,-1.0440534429084163,0.20119388400658905,1.0582096750956802,65,1787383500000,1787387400000
U50,2,XRP/USD,replay-XRP/USD-8,STRUCTURE_INVALIDATION,1.47409,1.44627,623.0196874221228,25,-17.33240770408343,0.8265483819288693,0.8109492149951941,-18.969905301007493,-0.6932963081633372,0,0.6838264089145197,75,1788470100000,1788474600000
U50,2,XRP/USD,replay-XRP/USD-9,STRUCTURE_INVALIDATION,1.45547,1.44788,623.5302501247068,25,-4.732594598446515,0.8167766158341062,0.8125172806955043,-6.361888494976126,-0.1893037839378606,0.020202380104039935,0.19479085013896075,60,1788496200000,1788499800000
U50,2,XRP/USD,replay-XRP/USD-10,STRUCTURE_INVALIDATION,1.45437,1.44553,862.1963837020246,25,-7.621816031925862,1.128557299108242,1.1216976646795087,-9.872070995713614,-0.30487264127703445,0.01793368478100473,0.33729122530422856,55,1788514500000,1788517800000
U50,2,XRP/USD,replay-XRP/USD-11,STRUCTURE_INVALIDATION,1.4436,1.42893,1044.5266801957714,25,-15.323206398471926,1.357090843977554,1.3432999582189293,-18.02359720066841,-0.612928255938877,0,0.6212844693804422,85,1788941100000,1788946200000