pair,openedAtMs,entryPrice,baseRiskUsd,effectiveRiskUsd,riskMultiplier,notionalUsd,stopDistanceUsd,initialStopPrice,v4Quality,v4Impulse,v4Retracement,v4Structure,v4Reclaim,v4Resumption,regime,direction,adx,atrPct,spreadPct,setupTag,openPositions,openLotsForPair,openRiskUsd,exitReason,netPnlUsd,rMultiple,mfeR,maeR,holdTimeMinutes,closedAtMs
BTC/USD,1775670600000,71919.9,50,50,1,3829.6006389776435,938.999999999998,70980.9,0.5124,1,1,0,0.1320273046664011,0.43015762899658994,TREND,BULLISH,44.66901441550006,0.6556218702608789,0,PULLBACK_CONTINUATION,0,0,0,STRUCTURE_INVALIDATION,-40.09021405750808,-0.6645367412140589,0,0.6490947816826425,55,1775673900000
BTC/USD,1775844600000,73035.2,50,50,1,4108.971082284479,888.7285714285723,72146.47142857143,0.5083,1,0.19856854468708263,0.748128487291762,0.12198007020691086,0.47259386434796913,TREND,BULLISH,27.769512933083696,0.6076635287990381,0,PULLBACK_CONTINUATION,0,0,0,TIME_EFFICIENCY,-3.112983073733101,0.08574046390509381,0.4027101316487532,0.065486811014126,185,1775855700000
BTC/USD,1776138300000,74511.6,50,50,1,2800.7367234065405,1330.2142857142858,73181.38571428572,0.4166,1,0.34418942944886277,0.605500750813862,0.1332581826965698,0,TREND,BULLISH,47.40657521056955,0.8943170170620877,0,PULLBACK_CONTINUATION,0,0,0,STRUCTURE_INVALIDATION,-16.18738291360157,-0.22312194598077864,0.008494871932547764,0.22312194598077867,135,1776146400000
BTC/USD,1776849000000,78085.4,50,50,1,3579.3658485475435,1090.771428571432,76994.62857142856,0.5892,1,0.4840449040926311,1,0.045234662822364775,0.41671447435577114,TREND,BULLISH,27.301274525768697,0.6988764559163427,0,PULLBACK_CONTINUATION,0,0,0,TIME_EFFICIENCY,10.113068797967331,0.3314168216465401,0.3315084998821323,0.09378683500535877,185,1776860100000
BTC/USD,1776855900000,78236.4,50,50,1,4464.019171516588,876.3000000000029,77360.09999999999,0.3099,0.91194528220597,0.2334123222748763,0,0.023987810354290363,0.38029514174993234,TREND,BULLISH,30.021651954251826,0.560547152359059,0,PULLBACK_CONTINUATION,1,1,50,STRUCTURE_INVALIDATION,27.993020655026726,0.7212141960515781,1.3947278329339352,0.1305488987789499,535,1776888000000
BTC/USD,1787171100000,68766.7,50,50,1,2815.6697473093095,1221.1428571428582,67545.55714285714,0.638,1,0.3768929092834936,1,0.18108314819536425,0.6321070246319247,TREND,BULLISH,44.725585805653836,0.8927292072840363,0,PULLBACK_CONTINUATION,0,0,0,TIME_EFFICIENCY,18.20867384183433,0.46595694899391626,0.8635353299017307,0.10752222742162137,185,1787182200000
BTC/USD,1787260500000,72685.4,50,50,1,2642.199557554296,1375.471428571427,71309.92857142857,0.418,1,0.7005960865621246,0.36947557371662787,0.02015538217493971,0,TREND,BULLISH,63.62972164940846,0.9465616345001714,0,PULLBACK_CONTINUATION,0,0,0,PROFIT,147.16777847595148,3.0412118442508103,3.0412118442508103,0.14540469241714546,660,1787300100000
BTC/USD,1787289300000,75305.7,50,50,1,2681.963368099724,1403.9285714285693,73901.77142857143,0.6137,1,0.8490554934384607,1,0.21930610830256073,0,TREND,BULLISH,65.89307678890226,0.9362607228170939,0,PULLBACK_CONTINUATION,1,1,50,TRAILING,75.51728710251855,1.6083439328415186,2.8176647163571675,0.09544645128466053,245,1787304000000
BTC/USD,1787346900000,77688.1,50,50,1,1708.1816182937557,2274,75414.1,0.4251,1,1,0,0.12563056632869873,0,TREND,BULLISH,57.98433101085276,1.4672311915027054,0,PULLBACK_CONTINUATION,0,0,0,TIME_EFFICIENCY,5.031427440633245,0.16226912928759896,0.45642040457343636,0.007695690413368515,185,1787358000000
BTC/USD,1787373300000,78700.5,50,50,1,2690.4314234924154,1462.5999999999974,77237.90000000001,0.3217,1,0.06526683745540907,0,0.11232937390852761,0.43109853792597885,TREND,BULLISH,49.36410324043588,0.9326675976763004,0,PULLBACK_CONTINUATION,0,0,0,EMERGENCY,-64.46020613975124,-1.1934226719540566,0,1.1900041022836065,45,1787376000000
BTC/USD,1788461700000,81170,50,50,1,3405.108351711569,1191.885714285716,79978.11428571428,0.5893,1,0.558813869469378,1,0.02389384464925879,0.3639709097653584,TREND,BULLISH,28.660356536872992,0.7352898407289173,0,PULLBACK_CONTINUATION,0,0,0,TIME_EFFICIENCY,12.220130525457964,0.36731709655767764,0.765090133282188,0,185,1788472800000
BTC/USD,1788510900000,81090.8,50,50,1,4499.616335848772,901.0857142857234,80189.71428571428,0.3061,1,0,0,0.13695872590100866,0.393583893239425,TREND,BULLISH,41.404786715433,0.5586389318089645,0,PULLBACK_CONTINUATION,0,0,0,STRUCTURE_INVALIDATION,-15.977145427738128,-0.15769864924853044,0.1316189993024178,0.2771101528314988,115,1788517800000
ETH/USD,1775047500000,2141.21,50,50,1,2872.675176326284,37.26857142857138,2103.941428571429,0.3418,0.8270640432098743,0.6793981481481248,0,0.20250290791373124,0,TREND,BULLISH,37.49735561260046,0.8729106591599728,0,PULLBACK_CONTINUATION,0,0,0,STRUCTURE_INVALIDATION,-24.70052418736609,-0.3909460288255186,0,0.5814550751303309,30,1775049300000
ETH/USD,1775061900000,2149.07,50,50,1,2786.1410527095672,38.56714285714276,2110.5028571428575,0.4501,1,0.9383677828736741,0,0.3120026802914783,0,TREND,BULLISH,38.1078999322898,0.9033725641365388,0,PULLBACK_CONTINUATION,0,0,0,STRUCTURE_INVALIDATION,-33.666504796829805,-0.573545208726906,0.4047486757787827,0.6266992628810643,105,1775068200000
ETH/USD,1775091300000,2157,50,50,1,2908.8001849425964,37.07714285714279,2119.922857142857,0.3936,1,0,0,0.3469448418080158,0.6210013908205796,TREND,BULLISH,42.23470364847551,0.8662479056385867,0,PULLBACK_CONTINUATION,0,0,0,EMERGENCY,-57.59293018417228,-1.0480850735917446,0,1.0486244894813952,25,1775092800000
ETH/USD,1775488200000,2161.24,50,50,1,3447.582152135281,31.34428571428563,2129.8957142857143,0.3562,1,0,0,0.20005749044916982,0.5807055841789255,TREND,BULLISH,48.16643410448705,0.7266117195737738,0,PULLBACK_CONTINUATION,0,0,0,EMERGENCY,-59.54850804430046,-1.0678182398249818,0.1863178524224107,1.0607994166172947,125,1775495700000
ETH/USD,1776150300000,2377.61,50,50,1,2333.34314715119,50.94857142857141,2326.6614285714286,0.3182,1,0,0,0.11373209772535997,0.4772618917440956,TREND,BULLISH,44.02150308314708,1.0730533156817905,0,PULLBACK_CONTINUATION,0,0,0,TIME_EFFICIENCY,3.594945743606821,0.15603970390309205,0.30363952445042236,0.10481157469717652,185,1776161400000
ETH/USD,1776153300000,2377.06,50,50,1,2332.803387169135,50.94857142857141,2326.1114285714284,0.5106,1,0.6655444502893193,0.3102093516514763,0,0.5773728691409965,TREND,BULLISH,44.02150308314708,1.0730533156817905,0,BREAKOUT_RETEST,1,1,50,STRUCTURE_INVALIDATION,-5.385449332660423,-0.023749439210408976,0.3144347240915206,0.030226558995064344,185,1776164400000
ETH/USD,1777915200000,2367.11,50,50,1,2617.0783712922885,45.224285714285735,2321.8857142857146,0.3034,1,0,0,0.18024345559706664,0.3368995051082296,TREND,BULLISH,27.923594936788454,0.9601555320329871,0,PULLBACK_CONTINUATION,0,0,0,STRUCTURE_INVALIDATION,-18.231113813690747,-0.2706510408440522,0.12404839372018098,0.28767729096250905,145,1777923900000
ETH/USD,1783139100000,1754.21,50,50,1,3681.3376903705544,23.82571428571425,1730.3842857142859,0.302,1,0,0,0.009984993980478949,0.5001125576437994,TREND,BULLISH,58.607251874973045,0.679848947819819,0,PULLBACK_CONTINUATION,0,0,0,STRUCTURE_INVALIDATION,-10.106903705480462,-0.06967262261662424,0.24721189591077575,0.12045808849982528,140,1783147500000
ETH/USD,1783292400000,1788.25,50,50,1,4041.3734099567473,22.124285714285666,1766.1257142857144,0.4228,1,0.809396799343455,0.30471836774165145,0,0,TREND,BULLISH,29.711789931022015,0.6186465593552354,0,BREAKOUT_RETEST,0,0,0,STRUCTURE_INVALIDATION,-15.041737586362913,-0.1554852456899363,0.4967392006198763,0.2951507716149023,75,1783296900000
ETH/USD,1784116500000,1881.96,50,50,1,3931.749537396293,23.932857142857106,1858.027142857143,0.3016,1,0,0,0.08377882390489351,0.42409601114770334,TREND,BULLISH,40.526742547979815,0.6376246095010738,0,PULLBACK_CONTINUATION,0,0,0,STRUCTURE_INVALIDATION,76.66523846475246,1.6763564734674368,2.3632782188264803,0.08983465647944046,560,1784150100000
ETH/USD,1784171700000,1926.23,50,50,1,3510.0770552402696,27.438571428571485,1898.7914285714285,0.3841,1,0.8489316506310258,0,0.07138296049796754,0,TREND,BULLISH,37.48152898528964,0.7131643749758667,0,PULLBACK_CONTINUATION,0,0,0,STRUCTURE_INVALIDATION,-21.684106315405895,-0.3075961888894687,0,0.4132868225126217,60,1784175300000
ETH/USD,1784602500000,1913.22,50,50,1,3093.536912131568,30.92285714285718,1882.297142857143,0.3287,1,0,0,0.12009230624322793,0.5235575900434176,TREND,BULLISH,27.42291835992824,0.8111296308509564,0,PULLBACK_CONTINUATION,0,0,0,TIME_EFFICIENCY,18.87372008685186,0.4892820844497785,0.5765961378545659,0,195,1784614200000
ETH/USD,1785109500000,1952.42,50,50,1,4910.865971972697,19.87857142857141,1932.5414285714287,0.5778,1,0.8891079349433262,1,0,0,TREND,BULLISH,45.29249876495657,0.5101490889173542,0,BREAKOUT_RETEST,0,0,0,TIME_EFFICIENCY,-33.74346352856654,-0.49852676967301934,0.05282069708946955,0.6474308300395323,185,1785120600000
ETH/USD,1787220900000,2286.64,50,50,1,1459.406626670799,78.34142857142862,2208.2985714285714,0.4548,1,0.3589658965896647,0.6869965722662311,0.22780039263868215,0,TREND,BULLISH,68.09298918304529,1.7205266589235289,0,PULLBACK_CONTINUATION,0,0,0,STRUCTURE_INVALIDATION,-8.729314265394875,-0.12215758857746845,0.3755356589288652,0.18572548733565167,135,1787229000000
ETH/USD,1787243400000,2325.08,50,50,1,2116.788055353236,54.92000000000014,2270.16,0.39,1,0.5789342422479042,0.22483460925274418,0.14603469560691423,0,TREND,BULLISH,66.75030187314833,1.180608103460139,0,PULLBACK_CONTINUATION,0,0,0,STRUCTURE_INVALIDATION,-12.578721777130223,-0.17552804078659592,0.42042971595047507,0.2452658412235937,150,1787252400000
ETH/USD,1787339400000,2412.42,50,50,1,1717.9332234633455,70.21285714285717,2342.207142857143,0.4282,1,0.4251846094053515,0,0.26361348808574914,0.45196740574598854,TREND,BULLISH,55.751639486273994,1.4505529921547546,0,PULLBACK_CONTINUATION,1,1,50,TRAILING,26.505262365460055,0.592484079025004,1.8461006327697387,0.010966652424260656,600,1787375400000
ETH/USD,1787338800000,2419.47,50,50,1,1722.9536714887374,70.21285714285717,2349.2571428571428,0.3378,1,0.4251846094053515,0,0.26361348808574914,0,TREND,BULLISH,55.751639486273994,1.4505529921547546,0,PULLBACK_CONTINUATION,0,0,0,TRAILING,21.480295936845224,0.49207511851716446,1.7456916722618991,0.16677857128323473,610,1787375400000
ETH/USD,1788499200000,2514.71,50,50,1,3250.539203013617,38.6814285714287,2476.0285714285715,0.3058,1,0,0,0.03723467802954663,0.49188346657919535,TREND,BULLISH,41.0166025087231,0.7707766976472791,0,PULLBACK_CONTINUATION,0,0,0,STRUCTURE_INVALIDATION,-13.974169775085773,-0.16261033349336929,0.024818111312184633,0.2642094766776288,85,1788504300000
ETH/USD,1788510000000,2515,50,50,1,3858.5455661245687,32.59000000000008,2482.41,0.3131,1,0,0,0.157644567233817,0.40767100426671954,TREND,BULLISH,42.45768278815175,0.6507457918172577,0,PULLBACK_CONTINUATION,0,0,0,TIME_EFFICIENCY,7.815791653881707,0.2954894139306562,0.737649585762501,0.00889843510279113,185,1788521100000
ETH/USD,1788512700000,2530.56,50,50,1,3629.7528789803596,34.85857142857152,2495.7014285714286,0.3519,1,0.10073307460110859,0,0.1640310887390375,0.49457992081417823,TREND,BULLISH,43.397619845578376,0.6897333441877102,0,PULLBACK_CONTINUATION,1,1,50,TIME_EFFICIENCY,-15.619260276218354,-0.18187779189377853,0.2432687184951435,0.40678660710626036,185,1788523800000
SOL/USD,1776414000000,88.39,50,50,1,2480.8740978348037,1.7814285714285714,86.60857142857142,0.3233,1,0.15228426395939065,0,0.10756340579710016,0.3567536972022744,TREND,BULLISH,27.66264009393934,1.0107969651773554,0,PULLBACK_CONTINUATION,0,0,0,STRUCTURE_INVALIDATION,-18.76704490777881,-0.2862870890136356,0.63432237369687,0.2806736166800321,130,1776421800000
SOL/USD,1778031300000,86.9,50,50,1,4007.2463768116004,1.0842857142857127,85.8157142857143,0.338,1,0,0,0.12100956551803257,0.5690448791714641,TREND,BULLISH,29.20676957124577,0.6276254423973795,0,PULLBACK_CONTINUATION,0,0,0,TIME_EFFICIENCY,-3.988017127800057,0.06455862977601488,0.3965744400526947,0.4242424242424322,185,1778042400000
SOL/USD,1778097900000,89.39,50,50,1,2701.7702936096657,1.6542857142857181,87.73571428571428,0.3339,1,0.1081081081081312,0,0.061624649859943655,0.49971154518401595,TREND,BULLISH,37.45807637724945,0.9267707082833155,0,PULLBACK_CONTINUATION,0,0,0,STRUCTURE_INVALIDATION,-13.318436960276342,-0.1692573402417965,0.09671848013816697,0.2841105354058709,160,1778107500000
SOL/USD,1778286900000,92.54,50,50,1,3111.3352545629173,1.4871428571428587,91.05285714285715,0.3056,1,0,0,0.15699436985708437,0.3710087113811147,TREND,BULLISH,30.7498320428318,0.8081419721458856,0,PULLBACK_CONTINUATION,0,0,0,TIME_EFFICIENCY,17.2416522574445,0.4572526416906766,1.001921229586931,0.10758885686840293,265,1778302800000
SOL/USD,1782053700000,73.86,50,50,1,3479.2732166890946,1.0614285714285725,72.79857142857142,0.4915,1,0.7881548974942707,0,0.16905599134433325,0.5004699335466937,TREND,BULLISH,39.36442052934369,0.7188328399218289,0,PULLBACK_CONTINUATION,0,0,0,TIME_EFFICIENCY,7.856487213997165,0.28263795423956634,0.5841184387617803,0.14131897711978986,185,1782064800000
SOL/USD,1782060300000,74,50,50,1,3435.0132625994665,1.077142857142858,72.92285714285714,0.3047,1,0.46933333333334604,0,0.05406866720735218,0,TREND,BULLISH,37.899103160276596,0.7271114196995128,0,PULLBACK_CONTINUATION,1,1,50,TIME_EFFICIENCY,10.976584880636807,0.3435013262599509,0.44562334217506966,0.1763925729442948,185,1782071400000
SOL/USD,1783043400000,81.52,50,50,1,2608.0438756855547,1.5628571428571445,79.95714285714286,0.4626,0.740554156171288,1,0,0.19658434697137692,0.3758161028215925,TREND,BULLISH,36.186559435396525,0.9690334467120192,0,BREAKOUT_RETEST,0,0,0,STRUCTURE_INVALIDATION,-30.904872029250203,-0.5246800731261376,0.03199268738573855,0.5118829981718441,70,1783047600000
SOL/USD,1783058700000,81.21,50,50,1,3297.3897911832983,1.23142857142857,79.97857142857143,0.3969,1,0.39618138424822713,0,0.04316724222989219,0.5453201970443629,TREND,BULLISH,37.24062956708655,0.7593910775953194,0,PULLBACK_CONTINUATION,0,0,0,TIME_EFFICIENCY,-18.916647331786287,-0.2598607888631038,0.07308584686775227,0.4385150812064906,185,1783069800000
SOL/USD,1784639400000,78.54,50,50,1,4690.955631399318,0.8371428571428571,77.70285714285716,0.4466,1,0.6915887850467282,0,0.05734675672231643,0.4842498302783951,TREND,BULLISH,27.17536384039061,0.5334158641154946,0,PULLBACK_CONTINUATION,0,0,0,STRUCTURE_INVALIDATION,-34.69993174061505,-0.5255972696245876,0,0.5853242320819222,95,1784645100000
SOL/USD,1787165100000,82.14,50,50,1,2635.105407882684,1.558571428571424,80.58142857142857,0.4195,1,0,1,0.09744214372715992,0,TREND,BULLISH,45.89782757642191,0.9547729898134183,0,PULLBACK_CONTINUATION,0,0,0,PROFIT,150.70797891842372,3.11182401466545,3.11182401466545,0.08340971585700924,165,1787175000000
SOL/USD,1787186400000,85.64,50,50,1,1637.9234972677623,2.61428571428571,83.02571428571429,0.4636,1,0,0.6311835701076282,0.10515247108307443,0.5817375058383936,TREND,BULLISH,58.939650330135855,1.531867874303123,0,PULLBACK_CONTINUATION,0,0,0,STRUCTURE_INVALIDATION,-20.91022404371584,-0.35956284153005436,0,0.35956284153005436,50,1787189400000
SOL/USD,1787217300000,87.57,50,50,1,1914.3972517176737,2.28714285714286,85.28285714285714,0.5428,1,0.6569105691056814,1,0.057110222729865406,0,TREND,BULLISH,64.38444633444088,1.3076860246671584,0,BREAKOUT_RETEST,0,0,0,TIME_EFFICIENCY,-21.79291068082422,-0.3672704559650167,0.17926296064959849,0.3847595252966871,185,1787228400000
SOL/USD,1787226600000,87.79,50,50,1,2055.2842809364506,2.13571428571429,85.65428571428572,0.4103,1,0,0.24086252788413806,0.3079379562043831,0.5028486626077785,TREND,BULLISH,65.81591334038781,1.2220841644050642,0,PULLBACK_CONTINUATION,1,1,50,STRUCTURE_INVALIDATION,-24.049073578595372,-0.4073578595317739,0,0.5150501672240831,40,1787229000000
SOL/USD,1787244300000,87.46,50,50,1,2585.3885135135065,1.691428571428576,85.76857142857142,0.3933,1,0.7037037037036864,0,0.26291723822588475,0,TREND,BULLISH,63.593167279260555,0.9686339316393172,0,PULLBACK_CONTINUATION,1,1,50,STRUCTURE_INVALIDATION,-23.26024915540521,-0.3724662162162125,0.17736486486487113,0.46706081081080486,135,1787252400000
SOL/USD,1787242200000,87.28,50,50,1,2580.0675675675607,1.691428571428576,85.58857142857143,0.4014,1,0.23222060957909108,0,0.2863360439812163,0.48859387352494277,TREND,BULLISH,63.593167279260555,0.9686339316393172,0,PULLBACK_CONTINUATION,0,0,0,STRUCTURE_INVALIDATION,-17.934514358108142,-0.26604729729729826,0.2837837837837854,0.36064189189189055,170,1787252400000
SOL/USD,1787254800000,87.39,50,50,1,2470.6381260096937,1.768571428571428,85.62142857142857,0.3052,1,0,0,0.0687363959216431,0.4575021240352052,TREND,BULLISH,61.52211010603421,1.0178242567745328,0,PULLBACK_CONTINUATION,0,0,0,TIME_EFFICIENCY,-8.966502423263234,-0.09046849757673477,0.20355411954765723,0.11873990306946337,185,1787265900000
SOL/USD,1787260200000,87.74,50,50,1,2559.083333333336,1.7142857142857122,86.02571428571429,0.345,1,0.2366412213740534,0,0.051381593971228254,0.4370409492386375,TREND,BULLISH,59.16934164151051,0.9786970280233571,0,PULLBACK_CONTINUATION,1,1,50,STRUCTURE_INVALIDATION,-19.759366666666573,-0.3033333333333314,0,0.31499999999999573,110,1787266800000
SOL/USD,1787291400000,90.45,50,50,1,2733.808290155441,1.6542857142857141,88.79571428571428,0.3595,1,0,0,0.271950271950277,0.5254907110472278,TREND,BULLISH,57.55875502276644,0.9249053529496333,0,PULLBACK_CONTINUATION,0,0,0,TRAILING,22.256735751295082,0.544041450777197,1.6925734024179604,0.25388601036269537,195,1787303100000
SOL/USD,1787323500000,91.47,50,50,1,1510.1179245283017,3.028571428571429,88.44142857142857,0.3413,1,0.6136919315403371,0,0.09293680297397086,0,TREND,BULLISH,62.073199959446804,1.662041174718159,0,PULLBACK_CONTINUATION,0,0,0,TIME_EFFICIENCY,2.2301603773584437,0.09905660377358395,0.18490566037735923,0.23443396226414887,185,1787334600000
SOL/USD,1787347200000,92.4,50,50,1,1627.5792652239566,2.838571428571427,89.56142857142858,0.4246,1,0.40776699029128016,0,0.23306233062330992,0.4821853663732501,TREND,BULLISH,54.04951652193403,1.5453894972623188,0,PULLBACK_CONTINUATION,1,1,50,TIME_EFFICIENCY,19.244645193759286,0.44388525415198493,0.8595873175641667,0,190,1787358600000
SOL/USD,1787346900000,92.24,50,50,1,1624.7609461499756,2.838571428571427,89.40142857142857,0.3282,1,0.40776699029128016,0,0.23306233062330992,0,TREND,BULLISH,54.04951652193403,1.5453894972623188,0,PULLBACK_CONTINUATION,0,0,0,TIME_EFFICIENCY,20.481623049823835,0.4685455460493202,0.915953699043788,0,210,1787359500000
SOL/USD,1787366100000,95.15,50,50,1,1890.0397275822954,2.517142857142854,92.63285714285715,0.3801,1,0,0,0.33206831119544356,0.568226264325504,TREND,BULLISH,54.11828600371854,1.342333008288638,0,PULLBACK_CONTINUATION,0,0,0,TRAILING,94.63674233825206,1.962542565266744,2.7928490351872908,0.04370034052213377,135,1787374200000
SOL/USD,1787838000000,104.61,50,50,1,1727.866918357716,3.0271428571428567,101.58285714285714,0.543,1,0.7200000000000024,0.19327046943303716,0.19074868860276178,0.610868941783757,TREND,BULLISH,41.45932087806309,1.4495033792103316,0,PULLBACK_CONTINUATION,1,1,50,TRAILING,38.64080934403023,0.8357715903728179,1.5823501651722531,0.013213780084947797,280,1787854800000
SOL/USD,1787810400000,102.02,50,50,1,1987.0339454646632,2.567142857142857,99.45285714285714,0.3132,1,0.18348623853211143,0,0.38231545926869964,0,TREND,BULLISH,32.49274515709916,1.258280000560169,0,PULLBACK_CONTINUATION,0,0,0,TRAILING,96.05534780189213,1.994435169727325,2.8747913188647782,0.41291040623261077,740,1787854800000
SOL/USD,1787877600000,109.97,50,50,1,1659.0301724137958,3.3142857142857087,106.6557142857143,0.3659,1,0,0,0.31403604587656914,0.515483752311652,TREND,BULLISH,53.032765501967575,1.5182252470388038,0,PULLBACK_CONTINUATION,1,1,50,STRUCTURE_INVALIDATION,-34.78950215517246,-0.6366379310344836,0,0.6245689655172404,80,1787882400000
SOL/USD,1787873400000,109.94,50,50,1,1619.4865319865346,3.394285714285709,106.54571428571428,0.3274,1,0,0.19132244633614132,0.44573819703447826,0,TREND,BULLISH,52.32883619883234,1.5541601255886943,0,PULLBACK_CONTINUATION,0,0,0,STRUCTURE_INVALIDATION,-33.52723063973067,-0.6127946127946133,0.002946127946129458,0.6010101010100997,150,1787882400000
SOL/USD,1788461400000,104.97,50,50,1,2300.5322479649344,2.281428571428571,102.68857142857142,0.6252,1,0.8270270270270417,1,0.01907850806066586,0.2801403209631892,TREND,BULLISH,27.168059652117424,1.0852576212675153,0,PULLBACK_CONTINUATION,0,0,0,TIME_EFFICIENCY,3.7417345021915978,0.15779586725109557,0.3024420788979327,0.04383218534752412,185,1788472500000
SOL/USD,1788461700000,105.18,50,50,1,2305.134627426425,2.281428571428571,102.89857142857143,0.6357,1,0.8270270270270417,1,0.01907850806066586,0.332311984595757,TREND,BULLISH,27.168059652117424,1.0852576212675153,0,PULLBACK_CONTINUATION,1,1,50,TIME_EFFICIENCY,-3.2733876017534627,0.01753287413900716,0.2103944896681233,0.13587977457733352,185,1788472800000
SOL/USD,1788496200000,104.29,50,50,1,2414.120370370372,2.159999999999999,102.13000000000001,0.316,1,0.3305439330543771,0,0.24928092042185812,0,TREND,BULLISH,30.929145386726315,1.0409638554216862,0,PULLBACK_CONTINUATION,0,0,0,STRUCTURE_INVALIDATION,-18.22180555555576,-0.2777777777777819,0,0.25462962962963503,60,1788499800000
SOL/USD,1788686400000,105.99,50,50,1,3023.349633251831,1.7528571428571442,104.23714285714286,0.3463,1,0,0,0.2882525281164348,0.4432640838555232,TREND,BULLISH,38.990107274750656,0.8330278219072068,0,PULLBACK_CONTINUATION,0,0,0,TIME_EFFICIENCY,10.517514262428746,0.319478402607988,0.5819070904645531,0,185,1788697500000
SOL/USD,1788699300000,107.13,50,50,1,2800.2613890963403,1.912857142857143,105.21714285714285,0.39,1,0.015408320493056626,0.1823196349968262,0.16353611811980587,0.588627450980388,TREND,BULLISH,43.333415801255974,0.8983080411651843,0,PULLBACK_CONTINUATION,0,0,0,STRUCTURE_INVALIDATION,-27.499701269604163,-0.4495892457057502,0,0.6587005227781879,110,1788705900000
XRP/USD,1775640000000,1.38576,50,50,1,2415.2980429261524,0.028687142857142817,1.3570728571428572,0.3024,1,0,0,0.050962136217096284,0.4608513566761077,TREND,BULLISH,42.18690499129301,1.0383433663607966,0,PULLBACK_CONTINUATION,0,0,0,STRUCTURE_INVALIDATION,-17.860586624172495,-0.27050445694936287,0,0.46919974104875417,160,1775649600000
XRP/USD,1776160800000,1.37394,50,50,1,3575.308550185866,0.019214285714285757,1.354725714285714,0.5208,1,0.5785495403472543,1,0.025473812920323188,0,TREND,BULLISH,32.53214224941885,0.6992301709760749,0,PULLBACK_CONTINUATION,0,0,0,STRUCTURE_INVALIDATION,-15.327173977695079,-0.17799256505576058,0,0.20401486988847142,60,1776164400000
XRP/USD,1776303300000,1.4015,50,50,1,3143.182109445083,0.02229428571428573,1.3792057142857141,0.3466,1,0,0,0.11228722643399165,0.6205850874063481,TREND,BULLISH,42.416168274255774,0.7977002352310963,0,PULLBACK_CONTINUATION,0,0,0,TIME_EFFICIENCY,10.923516596181113,0.33192361912085405,0.5858003332051803,0.1865948993976648,185,1776314400000
XRP/USD,1776309600000,1.4139,50,50,1,3012.5098922505604,0.023467142857142877,1.390432857142857,0.4216,1,0.5369269388294211,0,0.10212765957446786,0.46879762962605254,TREND,BULLISH,45.853107534002575,0.8338358581397858,0,BREAKOUT_RETEST,1,1,50,TIME_EFFICIENCY,-16.68345193888113,-0.22542156206245867,0.028124429293241195,0.4768369148353331,185,1776320700000
XRP/USD,1776320400000,1.40931,50,50,1,3146.182548794491,0.022397142857142845,1.3869128571428573,0.3238,1,0,0,0.08981632029991349,0.5292933348827062,TREND,BULLISH,49.59042242995151,0.7966147683171089,0,PULLBACK_CONTINUATION,1,1,50,STRUCTURE_INVALIDATION,-19.402506059446736,-0.27503508100523777,0.15537696134710746,0.2710167113152198,115,1776327300000
XRP/USD,1776356400000,1.43896,50,50,1,2674.504805905157,0.02690142857142857,1.4120585714285714,0.361,1,0.24977822836142316,0,0.11725947847451106,0.43774128900157966,TREND,BULLISH,50.49918451716052,0.9408659904249609,0,PULLBACK_CONTINUATION,0,0,0,TIME_EFFICIENCY,16.095312516595065,0.4185651319632539,0.3940311188996846,0.8159417980988763,185,1776367500000
XRP/USD,1776357600000,1.42966,50,50,1,2657.219478519463,0.02690142857142857,1.4027585714285713,0.364,1,0.3367254772084054,0,0.0010464848573632241,0.4822891772942443,TREND,BULLISH,50.49918451716052,0.9408659904249609,0,PULLBACK_CONTINUATION,1,1,50,STRUCTURE_INVALIDATION,22.755789655355755,0.5512718389889059,1.3304126174924322,0.47023525038499714,470,1776385800000
XRP/USD,1776455700000,1.49222,50,50,1,2174.885483467981,0.034305714285714224,1.457914285714286,0.3051,1,0,0,0.15992329046361536,0.36578846987787983,TREND,BULLISH,46.583855990029754,1.1604980273369898,0,PULLBACK_CONTINUATION,0,0,0,STRUCTURE_INVALIDATION,-23.136256350462418,-0.3847755475972386,0,0.43841092695927936,50,1776458700000
XRP/USD,1778299500000,1.43145,50,50,1,3960.2205359260165,0.01807285714285713,1.4133771428571427,0.3731,1,0,0.2897783447060102,0.06053395850099757,0.5151589783001499,TREND,BULLISH,34.18997397189013,0.6323824186590549,0,PULLBACK_CONTINUATION,0,0,0,STRUCTURE_INVALIDATION,-24.127549205596072,-0.34028930519325884,0.11453640028456347,0.34194925302346846,130,1778307300000
XRP/USD,1783187100000,1.17642,50,50,1,2527.450739672214,0.023272857142857126,1.153147142857143,0.4695,1,0.3906619385342869,0.7441415415238065,0.21250010625004861,0,TREND,BULLISH,59.77205164179857,0.9920313533302555,0,PULLBACK_CONTINUATION,0,0,0,STRUCTURE_INVALIDATION,-24.018093118899834,-0.3897243876987258,0.18261616843656395,0.4339819532257077,135,1783195200000
XRP/USD,1787279400000,1.29684,50,50,1,1000,0.064842,1.231998,0.6565,1,0.9401197604790352,1,0.3425133071048368,0,TREND,BULLISH,57.514842849725525,2.563068008942631,0,BREAKOUT_RETEST,0,0,0,TIME_EFFICIENCY,5.256966163906155,0.1412664630949085,0.3499275161160991,0.14280867339070427,185,1787290500000
XRP/USD,1787304300000,1.36499,50,50,1,1286.0625067298333,0.05306857142857159,1.3119214285714282,0.6348,1,0.94244604316547,0.8441672822300524,0,0.38716835421638507,TREND,BULLISH,56.7722914391223,1.8965253172958183,0,BREAKOUT_RETEST,0,0,0,BREAK_EVEN,-2.5314182459351255,-0.00433401529018968,1.1522827608484951,0.011682997738771635,145,1787313000000
XRP/USD,1787319900000,1.41154,50,50,1,1000,0.070577,1.340963,0.3956,1,0.13918346603421683,0,0.8387073913967854,0,TREND,BULLISH,58.40506188090408,2.799138312798251,0,PULLBACK_CONTINUATION,0,0,0,TIME_EFFICIENCY,-15.963247941964154,-0.2835201269535413,0.10895900930898131,0.3324029074627717,185,1787331000000
XRP/USD,1787320200000,1.41849,50,50,1,1000,0.0709245,1.3475655,0.5267,1,0.13918346603421683,0,0.8387073913967854,0.6553753375676474,TREND,BULLISH,58.40506188090408,2.799138312798251,0,PULLBACK_CONTINUATION,1,1,50,TIME_EFFICIENCY,-17.27436146888596,-0.30976601879463433,0.006203780075996248,0.4287658002523817,185,1787331300000
XRP/USD,1787356800000,1.45424,50,50,1,1000.0000000000001,0.072712,1.3815279999999999,0.5695,1,0.8476479864610138,1,0,0,TREND,BULLISH,52.73853106464477,2.603600284879294,0,BREAKOUT_RETEST,0,0,0,PROFIT,152.96624009792063,3.098113103751789,3.089036197601496,0.32374298602706425,305,1787375100000
XRP/USD,1787383800000,1.61324,50,50,1,999.9999999999998,0.08066200000000001,1.532578,0.3553,1,0,0,0.7764196635101347,0,TREND,BULLISH,49.69349688220368,4.777483298692578,0,PULLBACK_CONTINUATION,1,1,50,EMERGENCY,-57.216099278470644,-1.1093203739059283,0,1.1101881927053632,35,1787385900000
XRP/USD,1787383500000,1.59647,50,50,1,999.9999999999999,0.0798235,1.5166465,0.3826,1,0,0,0.270355432316613,0.6426128803136314,TREND,BULLISH,49.69349688220368,4.777483298692578,0,PULLBACK_CONTINUATION,0,0,0,EMERGENCY,-53.95568974048992,-1.0440534429084163,0.20119388400658905,1.0582096750956802,65,1787387400000
XRP/USD,1788470100000,1.47409,50,50,1,1836.774182064154,0.04012714285714284,1.433962857142857,0.4997,1,0.3994076268048705,1,0.09903676570343352,0,TREND,BULLISH,39.75048630912714,1.3637833444517915,0,PULLBACK_CONTINUATION,0,0,0,STRUCTURE_INVALIDATION,-37.93981060201499,-0.6932963081633372,0,0.6838264089145197,75,1788474600000
XRP/USD,1788496200000,1.45547,50,50,1,1815.059146298014,0.04009428571428567,1.4153757142857144,0.3271,1,0.42818106213615725,0,0.207155273699181,0,TREND,BULLISH,37.74703888493324,1.3856194952407268,0,PULLBACK_CONTINUATION,0,0,0,STRUCTURE_INVALIDATION,-12.723776989952253,-0.1893037839378606,0.020202380104039935,0.19479085013896075,60,1788499800000
XRP/USD,1788514500000,1.45437,50,50,1,2507.905109129427,0.028995714285714298,1.4253742857142857,0.462,1,1,0,0,0.3099356357391151,TREND,BULLISH,33.34344497408332,0.9950007304286788,0,BREAKOUT_RETEST,0,0,0,STRUCTURE_INVALIDATION,-19.744141991427227,-0.30487264127703445,0.01793368478100473,0.33729122530422856,55,1788517800000
XRP/USD,1788941100000,1.4436,50,50,1,3015.7574310612313,0.02393428571428578,1.4196657142857143,0.4851,1,0.40275650842264765,0.5520212232154919,0.048577039715194406,0.422296737950652,TREND,BULLISH,27.558083072466736,0.8304691054984276,0,PULLBACK_CONTINUATION,0,0,0,STRUCTURE_INVALIDATION,-36.04719440133682,-0.612928255938877,0,0.6212844693804422,85,1788946200000