pair,frameIndex,evaluationTime,atr,impulseAtr,impulseHigh,retracementAtr,retracementLow,ema20,reclaimBodyPct,reclaimIsBullish,resumptionExists,resumptionBodyPct,distanceFromOriginAtr,impulseScore,retracementScore,structureScore,reclaimScore,resumptionScore,qualityScore,accepted,rejectReason
BTC/USD,6809,1775489400000,234.24999999999895,2.7534685165421684,69812.1,2.0853788687299986,69323.6,69527.28279617558,0.0002523890922024077,1,0,0,0,1,0,0,0.012619454610120385,0,0.2025,0,V4_SCORE_BELOW_THRESHOLD
BTC/USD,7346,1775650500000,154.02142857142982,3.4118629133237213,71990.4,3.6709177758196234,71425,71653.14018145666,0.0022260676841516815,1,0,0,0,1,0,0,0.11130338420758407,0,0.2223,0,V4_SCORE_BELOW_THRESHOLD
BTC/USD,7413,1775670600000,267.1357142857128,3.6880130484772415,71688.2,0.9212545789994109,71442.1,71549.33005308239,0.002640546093328022,1,1,0.0010956618464961472,0.2949811492286015,1,1,0,0.1320273046664011,0.43015762899658994,0.5124,1,ENTRY_APPROVED
BTC/USD,7993,1775844600000,272.4499999999992,3.443934666911381,73320,1.8014314553129174,72829.2,72727.28619681868,0.0024396014041382173,1,1,0.0012624049773259619,0.3358414387961104,1,0.19856854468708263,0.748128487291762,0.12198007020691086,0.47259386434796913,0.5083,1,ENTRY_APPROVED
BTC/USD,8972,1776138300000,176.77142857142877,3.2080976240504575,74592.8,1.6558105705511372,74300.1,74246.58238363879,0.002665163653931396,1,0,0,0,1,0.34418942944886277,0.605500750813862,0.1332581826965698,0,0.4166,1,ENTRY_APPROVED
BTC/USD,9013,1776150600000,113.99285714285361,2.93088539382181,74529.3,2.7598220439878554,74214.7,74365.2416306463,0.001629649699084848,1,1,0.0042104279823308825,3.308102011404377,1,0,0,0.08148248495424239,0.6957952692153218,0.3555,1,ENTRY_APPROVED
BTC/USD,9033,1776156600000,175.65714285714265,4.297007156798981,74950,2.6278464541314612,74488.4,74502.46491056266,0.0005436121554892217,1,1,0.0011247856755000792,0.47934287573192935,1,0,0,0.027180607774461085,0.37856846546875006,0.2811,0,V4_SCORE_BELOW_THRESHOLD
BTC/USD,9088,1776173100000,118.48571428571553,2.8366288883530455,74643.1,2.8366288883530455,74307,74467.04673022701,0.0017373818620551756,1,1,0.0011558729449474598,1.297202797202759,1,0,0,0.08686909310275878,0.3684468032739906,0.2911,0,V4_SCORE_BELOW_THRESHOLD
BTC/USD,11341,1776849000000,161.6142857142851,2.2801202156810834,78207.5,1.5159550959073689,77962.5,77817.64141565378,0.0009046932564472955,1,1,0.0011282504434242699,0.2970034473614437,1,0.4840449040926311,1,0.045234662822364775,0.41671447435577114,0.5892,1,ENTRY_APPROVED
BTC/USD,11364,1776855900000,132.62857142857268,1.82389056441194,78198.1,1.7665876777251237,77963.8,77976.55635218142,0.0004797562070858073,1,1,0.0010900958466454045,0.6431495045239279,0.91194528220597,0.2334123222748763,0,0.023987810354290363,0.38029514174993234,0.3099,1,ENTRY_APPROVED
BTC/USD,12672,1777248300000,307.75714285714326,3.5063361648795577,78964.8,2.9256835166875796,78064.4,78339.28218837846,0.0005746702638651544,1,1,0.0020199713245276424,0.5172909993965455,1,0,0,0.02873351319325772,0.4291266959990685,0.2916,0,V4_SCORE_BELOW_THRESHOLD
BTC/USD,12682,1777251300000,344.5499999999998,3.1319111885067668,78964.8,1.5954143085183499,78415.1,78421.41436880972,0.0038441190687336104,1,1,0.0016259277221944038,0.431287186184896,1,0.40458569148165013,0,0.1922059534366805,0.4641790020483779,0.4122,1,ENTRY_APPROVED
BTC/USD,14930,1777925700000,214.22857142857225,4.064350493464895,80770.7,4.064350493464895,79900,80014.63234135594,0.001111908401709741,1,0,0,0,1,0,0,0.05559542008548705,0,0.2111,0,V4_SCORE_BELOW_THRESHOLD
BTC/USD,15000,1777946700000,154.93571428571573,3.194873449817867,80238.1,1.1320824305011752,80062.7,80104.0646063943,0.0013268046908643557,1,1,0.0019317034145808205,1.0036420635286432,1,0.8679175694988248,0,0.06634023454321779,0.48273536534185385,0.4834,1,ENTRY_APPROVED
BTC/USD,15062,1777965300000,156.6285714285706,3.768150310105802,81303.3,3.160342940532669,80808.3,80789.88464702734,0.0005073748351956574,1,0,0,0,1,0,0.2351467909679443,0.025368741759782872,0,0.2521,0,V4_SCORE_BELOW_THRESHOLD
BTC/USD,15110,1777979700000,110.27142857142879,3.363518590490937,80890.9,1.8690244850368392,80684.8,80780.83905968236,0.0016082035674450821,1,0,0,0,1,0.13097551496316084,0,0.0804101783722541,0,0.2423,0,V4_SCORE_BELOW_THRESHOLD
BTC/USD,15113,1777980600000,108.53571428571429,3.417308325106889,80890.9,1.4870681145112987,80729.5,80797.00268399868,0.0000444699185707099,1,0,0,0,1,0.5129318854887013,0,0.002223495928535495,0,0.303,1,ENTRY_APPROVED
BTC/USD,15194,1778004900000,199.92142857142815,3.1597413269498653,81698.4,2.120332987959531,81274.5,81341.8628250579,0.003491531075607376,1,0,0,0,1,0,0,0.1745765537803688,0,0.2349,0,V4_SCORE_BELOW_THRESHOLD
BTC/USD,15212,1778010300000,166.22857142857225,3.1931935372980425,81597.5,1.0281024407012318,81426.6,81428.35907131062,0.0014721371708511584,1,0,0,0,1,0.9718975592987682,0,0.07360685854255791,0,0.4091,1,ENTRY_APPROVED
BTC/USD,17857,1778804100000,167.07857142857185,2.2749775554699947,81561.2,3.131460818263409,81038,81337.11589428317,0.004588440126811336,1,0,0,0,1,0,0,0.22942200634056678,0,0.2459,0,V4_SCORE_BELOW_THRESHOLD
BTC/USD,34082,1783671600000,101.26428571428498,3.8029202228962538,64150.6,3.2449742540735085,63822,63865.834791494926,0.00007505288883264473,1,1,0.003949941459283131,2.7048035550539944,1,0,0,0.0037526444416322367,0.5159137854435447,0.3039,1,ENTRY_APPROVED
BTC/USD,35501,1784097300000,125.16428571428592,2.2969811105404285,64822.5,1.8080237402271502,64596.2,64732.91861591113,-0.0009688400104739685,0,1,0.0041064139516832476,2.1387890201449253,1,0.19197625977284982,0,0,0.6851762932520261,0.3754,1,ENTRY_APPROVED
BTC/USD,35577,1784120100000,115.42142857142764,1.9147224456959124,64799.1,2.071539080388642,64560,64668.811495119146,0.0016496348561048173,1,1,0.003286908249049676,3.427439816820363,0.9573612228479562,0,0,0.08248174280524087,0.4453451543205821,0.297,0,V4_SCORE_BELOW_THRESHOLD
BTC/USD,37199,1784606700000,124.85714285714286,3.7202517162471396,65600,1.8621281464530892,65367.5,65347.45350830343,0.0008911690337072701,1,1,0.0014825717820725476,0.7792906178489353,1,0.13787185354691078,0.32111085097483827,0.0445584516853635,0.5741285891036274,0.4155,1,ENTRY_APPROVED
BTC/USD,37325,1784644500000,167.635714285717,2.674847671396232,66596.4,1.8188248327580423,66291.5,66413.07719071364,-0.0031025211545758625,0,1,0.0018081531541645586,0.7206101666027582,1,0.1811751672419577,0,0,0.421593758732002,0.3206,1,ENTRY_APPROVED
BTC/USD,37343,1784649900000,188.2714285714319,3.2708096213672846,66907.3,2.1399954473025353,66504.4,66533.39867551163,0.0008791762748431933,1,1,0.0010865362423530327,0.38508232794596786,1,0,0,0.043958813742159666,0.4211441789020797,0.293,0,V4_SCORE_BELOW_THRESHOLD
BTC/USD,37432,1784676600000,81.15714285714473,3.560992782960664,66464.8,3.3010033444816367,66196.9,66328.62387412299,0.0017015594362698048,1,0,0,0,1,0,0,0.08507797181349024,0,0.217,0,V4_SCORE_BELOW_THRESHOLD
BTC/USD,37437,1784678100000,79.72857142857227,3.624798423221607,66464.8,3.360150510661246,66196.9,66333.82152115992,0.0005046313103392176,1,1,0.0011684210526315352,1.441139580720213,1,0,0,0.02523156551696088,0.5440979212275997,0.3139,1,ENTRY_APPROVED
BTC/USD,45678,1787151000000,170.45714285714453,4.290814616158197,65150,1.3270197787461986,64923.8,64818.80591910149,0.0006100898774008976,1,1,0.0011652697683511343,0.45876634260813376,1,0.6729802212538014,1,0.030504493870044877,0.28149529438635074,0.597,1,ENTRY_APPROVED
BTC/USD,45679,1787151300000,170.45714285714453,4.290814616158197,65150,1.3270197787461986,64923.8,64818.80591910149,0.0006100898774008976,1,1,0.003325879912141863,1.7406134763660401,1,0.6729802212538014,1,0.030504493870044877,0.6660195216821,0.6739,1,ENTRY_APPROVED
BTC/USD,45745,1787171100000,249.52142857142982,2.8422408610768928,68499.7,1.6231070907165064,68094.7,67894.89777650488,0.003621662963907285,1,1,0.002648084029043,0.4977528411530503,1,0.3768929092834936,1,0.18108314819536425,0.6321070246319247,0.638,1,ENTRY_APPROVED
BTC/USD,45948,1787232300000,321.74285714285776,2.978154693188867,72405.9,2.898898854453409,71473.2,71548.92191311308,0.0013225896082244663,1,1,0.001263098217350081,0.04382381671256574,1,0,0,0.06612948041122331,0.3084498489942149,0.2749,0,V4_SCORE_BELOW_THRESHOLD
BTC/USD,45973,1787239800000,400.33571428571616,2.3742573197494847,72030.7,1.6598569058111863,71366.2,71722.66975697235,0.002306389070838815,1,0,0,0,1,0.3401430941888137,0,0.11531945354194076,0,0.2911,0,V4_SCORE_BELOW_THRESHOLD
BTC/USD,46032,1787257500000,233.8785714285706,2.7894817212839236,72961.4,2.163943438292124,72455.3,72464.78324045986,0.00034815539565181313,1,1,0.001064889560647178,0.46519866841769114,1,0,0,0.017407769782590655,0.4181983508495127,0.2871,0,V4_SCORE_BELOW_THRESHOLD
BTC/USD,46042,1787260500000,220.48571428571242,2.5670597382402707,72875,1.2994039134378754,72588.5,72547.76795710898,0.0004031076434987942,1,0,0,0,1,0.7005960865621246,0.36947557371662787,0.02015538217493971,0,0.418,1,ENTRY_APPROVED
BTC/USD,46138,1787289300000,364.1357142857149,2.633908079797575,75163.3,1.1509445065615393,74744.2,74473.32392749895,0.0043861221660512146,1,0,0,0,1,0.8490554934384607,1,0.21930610830256073,0,0.6137,1,ENTRY_APPROVED
BTC/USD,46172,1787299500000,369.90000000000043,2.905109489051107,75965.1,1.0089213300892437,75591.9,75377.21157174493,-0.003876731222042135,0,1,0.004302574364959158,0.8913219789132109,1,0.9910786699107563,1,0,0.41232920375612564,0.6807,1,ENTRY_APPROVED
BTC/USD,46173,1787299800000,369.90000000000043,2.905109489051107,75965.1,1.0089213300892437,75591.9,75377.21157174493,-0.003876731222042135,0,1,0.0015809380319211708,1.2192484455258163,1,0.9910786699107563,1,0,0.27928203748705127,0.6541,1,ENTRY_APPROVED
BTC/USD,46273,1787329800000,477.0142857142855,3.454403881285384,77829.6,2.1200622922344414,76818.3,77207.17453643998,0.006602964738926732,1,0,0,0,1,0,0,0.3301482369463366,0,0.266,0,V4_SCORE_BELOW_THRESHOLD
BTC/USD,46330,1787346900000,309.20714285714035,2.9336321005336186,77522.2,0.8926055117928414,77246.2,77321.77648351567,0.002512611326573975,1,0,0,0,1,1,0,0.12563056632869873,0,0.4251,1,ENTRY_APPROVED
BTC/USD,46332,1787347500000,309.20714285714035,2.9336321005336186,77522.2,0.8926055117928414,77246.2,77321.77648351567,0.002512611326573975,1,1,0.004171211971660296,1.0439603594446334,1,1,0,0.12563056632869873,0.693333915366471,0.5638,1,ENTRY_APPROVED
BTC/USD,46417,1787373000000,298.33571428571304,3.396844398687954,78800,1.934733162544591,78222.8,78297.37952114735,0.002246587478170552,1,0,0,0,1,0.06526683745540907,0,0.11232937390852761,0,0.2355,0,V4_SCORE_BELOW_THRESHOLD
BTC/USD,46418,1787373300000,298.33571428571304,3.396844398687954,78800,1.934733162544591,78222.8,78297.37952114735,0.002246587478170552,1,1,0.0017382354622906197,0.4588790193214563,1,0.06526683745540907,0,0.11232937390852761,0.43109853792597885,0.3217,1,ENTRY_APPROVED
BTC/USD,47287,1787634000000,348.6857142857137,4.865126188135029,81200,3.0067191084890084,80151.6,80094.64024188853,0.0015695753806934918,1,0,0,0,1,0,0.32671116583116755,0.07847876903467459,0,0.281,0,V4_SCORE_BELOW_THRESHOLD
BTC/USD,47294,1787636100000,343.471428571429,3.9921806762883034,81200,3.0523645135798154,80151.6,80185.85488582027,0.0009748365660450691,1,1,0.002025095839269849,0.45826228008154546,1,0,0,0.04874182830225345,0.4415595176460263,0.2981,0,V4_SCORE_BELOW_THRESHOLD
BTC/USD,50046,1788461700000,304.471428571429,2.582179890207841,81381.4,1.441186130530622,80942.6,80486.9045861625,0.00047787689298517584,1,1,0.0014833084677940245,0.6131938253647904,1,0.558813869469378,1,0.02389384464925879,0.3639709097653584,0.5893,1,ENTRY_APPROVED
BTC/USD,50210,1788510900000,183.02142857142775,3.0919876673301947,81127.8,3.534558794832831,80480.9,80888.49120402308,0.0027391745180201732,1,1,0.0014489929807080457,0.6420013269328366,1,0,0,0.13695872590100866,0.393583893239425,0.3061,1,ENTRY_APPROVED
BTC/USD,50257,1788525000000,192.74999999999793,3.012191958495523,81400,1.3815823605707174,81133.7,81120.82571638028,0.0012550814819550485,1,0,0,0,1,0.6184176394292826,0.1335853034471588,0.06275407409775242,0,0.363,1,ENTRY_APPROVED
BTC/USD,50259,1788525600000,192.74999999999793,3.012191958495523,81400,1.3815823605707174,81133.7,81120.82571638028,0.0012550814819550485,1,1,0.0015511963601927987,7.32036316472122,1,0.6184176394292826,0.1335853034471588,0.06275407409775242,0.5469865696020053,0.4723,1,ENTRY_APPROVED
ETH/USD,5336,1775047500000,7.405714285714306,1.6541280864197485,2138.25,1.3206018518518752,2128.47,2132.7912782026674,0.004050058158274625,1,0,0,0,0.8270640432098743,0.6793981481481248,0,0.20250290791373124,0,0.3418,1,ENTRY_APPROVED
ETH/USD,5384,1775061900000,11.369285714285622,2.517308538041099,2136.62,1.061632217126326,2124.55,2130.6024828922605,0.006240053605829566,1,0,0,0,1,0.9383677828736741,0,0.3120026802914783,0,0.4501,1,ENTRY_APPROVED
ETH/USD,5482,1775091300000,7.8092857142858065,3.6635873044909637,2164.46,3.6021220159150906,2136.33,2143.0179240155267,0.006938896836160317,1,1,0.00242002781641159,0.5019665233696183,1,0,0,0.3469448418080158,0.6210013908205796,0.3936,1,ENTRY_APPROVED
ETH/USD,5485,1775092200000,7.747142857142925,3.692974368430742,2164.46,3.631016042780731,2136.33,2144.2066777677396,0.0008211094719848497,1,1,0.0048527848738554955,1.3501751797897772,1,0,0,0.041055473599242484,0.6529744392234964,0.3388,1,ENTRY_APPROVED
ETH/USD,6735,1775467200000,8.245714285714257,2.4618849618849925,2140.3,0.7531185031185101,2134.09,2132.379776838446,0.004153164226915518,1,1,0.005335012874423421,1.4019404019404003,1,1,0.4148150426499766,0.2076582113457759,0.6487590119220175,0.6542,1,ENTRY_APPROVED
ETH/USD,6805,1775488200000,9.754999999999947,2.148641722193762,2158.78,2.148641722193762,2137.82,2147.41362711398,0.004001149808983397,1,1,0.0016141116835785097,0.5433111225012563,1,0,0,0.20005749044916982,0.5807055841789255,0.3562,1,ENTRY_APPROVED
ETH/USD,6806,1775488500000,10.425714285714223,2.641545628939448,2165.36,2.199369690326158,2142.43,2149.294926677542,0.004702179891836044,1,0,0,0,1,0,0,0.2351089945918022,0,0.247,0,V4_SCORE_BELOW_THRESHOLD
ETH/USD,7357,1775653800000,7.523571428571423,2.1984240007595144,2254.5,1.5192252919395977,2243.07,2249.5840955771073,0.0006781824709778682,1,1,0.0031560640570652094,1.2560524067217085,1,0.48077470806040234,0,0.03390912354889341,0.45265948121937016,0.3935,1,ENTRY_APPROVED
ETH/USD,8091,1775874000000,3.7950000000000728,2.7009222661396057,2245.99,2.7009222661396057,2235.74,2243.8371192503764,0.0007301122324961703,1,1,0.0012272175509894503,0.727272727272651,1,0,0,0.03650561162480852,0.45870688440875146,0.299,0,V4_SCORE_BELOW_THRESHOLD
ETH/USD,8204,1775907900000,3.983571428571395,4.3076923076923075,2250.35,2.801506186121558,2239.19,2240.185528257032,0.0017067279841002144,1,0,0,0,1,0,0,0.08533639920501072,0,0.2171,0,V4_SCORE_BELOW_THRESHOLD
ETH/USD,8206,1775908500000,3.983571428571395,4.3076923076923075,2250.35,2.801506186121558,2239.19,2240.185528257032,0.0017067279841002144,1,1,0.0010499388277166622,0.9263044647660248,1,0,0,0.08533639920501072,0.5357137246026323,0.3242,1,ENTRY_APPROVED
ETH/USD,8333,1775946600000,9.684285714285709,4.210945567192778,2329.85,3.5046467030535555,2295.91,2294.45576837384,0.0010316830738952342,1,0,0,0,1,0,0.3003281127930335,0.05158415369476171,0,0.2704,0,V4_SCORE_BELOW_THRESHOLD
ETH/USD,9012,1776150300000,5.384999999999926,2.6870937790157843,2369.77,2.4753946146704013,2356.44,2362.895256277051,0.0022746419545071994,1,1,0.0014467762964207429,0.6870937790157602,1,0,0,0.11373209772535997,0.4772618917440956,0.3182,1,ENTRY_APPROVED
ETH/USD,9013,1776150600000,5.384999999999926,2.6870937790157843,2369.77,2.4753946146704013,2356.44,2362.895256277051,0.0022746419545071994,1,1,0.004867656660695307,2.830083565459608,1,0,0,0.11373209772535997,0.7402367656190276,0.3708,1,ENTRY_APPROVED
ETH/USD,9022,1776153300000,6.789285714285662,3.206522882693341,2377.07,1.3344555497106807,2368.01,2366.9569500401976,-0.003743250135945786,0,1,0.0015775325707891449,0.71583377169913,1,0.6655444502893193,0.3102093516514763,0,0.5773728691409965,0.5106,1,ENTRY_APPROVED
ETH/USD,9030,1776155700000,7.34499999999993,4.773315180394865,2390.36,2.584070796460204,2371.38,2370.2040358223153,0.0012220883011292156,1,1,0.0039157773194496695,1.2471068754254517,1,0,0.3202080810578161,0.06110441505646078,0.6145340840291007,0.3992,1,ENTRY_APPROVED
ETH/USD,9101,1776177000000,8.675714285714289,3.285032109336406,2397.03,2.4862506174872565,2375.46,2381.083347913127,0.0036682069236360143,1,0,0,0,1,0,0,0.18341034618180072,0,0.2367,0,V4_SCORE_BELOW_THRESHOLD
ETH/USD,11420,1776872700000,11.717857142857222,2.755623285583642,2424.05,2.7095397744589884,2392.3,2403.292848821805,0.005536791064878955,1,0,0,0,1,0,0,0.2768395532439477,0,0.2554,0,V4_SCORE_BELOW_THRESHOLD
ETH/USD,14546,1777810500000,5.081428571428562,2.597694686533654,2320.8,1.436603879673921,2313.5,2314.1602739503596,0.004524207083345837,1,0,0,0,1,0.5633961203260791,0,0.22621035416729185,0,0.3579,1,ENTRY_APPROVED
ETH/USD,14578,1777820100000,4.977857142857082,3.7827521882623363,2332.33,2.268044195723941,2321.04,2320.7064827615504,0.0005289389828030404,1,1,0.0016069295614887886,0.40378820490749606,1,0,0.13400032539226545,0.02644694914015202,0.32541203543300834,0.2972,0,V4_SCORE_BELOW_THRESHOLD
ETH/USD,14598,1777826100000,4.398571428571423,2.67814225397851,2332.33,1.7505683663526728,2324.63,2324.284616392076,0.001511923579135447,1,1,0.0015653009237420086,0.8320883403703214,1,0.24943163364732723,0.1570435372179367,0.07559617895677234,0.5782650461871004,0.4121,1,ENTRY_APPROVED
ETH/USD,14608,1777829100000,4.384285714285722,2.5751058976865298,2332.33,2.3721081785598077,2321.93,2325.51020959817,0.0002232909653040114,1,1,0.0015039526961885998,1.1518409905506035,1,0,0,0.01116454826520057,0.4569049518825714,0.2936,0,V4_SCORE_BELOW_THRESHOLD
ETH/USD,14666,1777846500000,8.067857142857097,2.304205400619718,2344.35,3.5759185480301108,2315.5,2331.236011181581,0.009972863246952911,1,0,0,0,1,0,0,0.49864316234764555,0,0.2997,0,V4_SCORE_BELOW_THRESHOLD
ETH/USD,14895,1777915200000,15.422142857142878,3.4995136862581746,2381.4,2.9107498494743056,2336.51,2351.5850788232133,0.003604869111941333,1,1,0.0015377401134718401,0.2360242693715183,1,0,0,0.18024345559706664,0.3368995051082296,0.3034,1,ENTRY_APPROVED
ETH/USD,32307,1783139100000,4.003571428571377,3.421944692239128,1756.63,2.5502230151650735,1746.42,1750.729852211085,0.00019969987960957898,1,1,0.0016083497305158334,0.17983942908112988,1,0,0,0.009984993980478949,0.5001125576437994,0.302,1,ENTRY_APPROVED
ETH/USD,32818,1783292400000,6.9628571428571115,3.3176036109971623,1791.42,1.190603200656545,1783.13,1782.0691447683053,-0.00008388698745055755,0,0,0,0,1,0.809396799343455,0.30471836774165145,0,0,0.4228,1,ENTRY_APPROVED
ETH/USD,34148,1783691400000,5.285000000000001,2.527909176915823,1805.23,2.527909176915823,1791.87,1792.6967207239848,0.0032167024078045107,1,1,0.0018407833309306693,0.68117313150424,1,0,0,0.16083512039022554,0.3373159339479037,0.2996,0,V4_SCORE_BELOW_THRESHOLD
ETH/USD,35344,1784050200000,8.112142857142853,3.4812010213964983,1886.28,3.1532975257550335,1860.7,1859.8722914776877,0.0007869084134962969,1,0,0,0,1,0,0.20406655476575317,0.03934542067481484,0,0.2487,0,V4_SCORE_BELOW_THRESHOLD
ETH/USD,35405,1784068500000,4.331428571428595,1.7246042216358808,1880.02,2.070910290237462,1871.05,1873.0111037296663,0.00458422855197935,1,1,0.006330786222349059,2.765831134564633,0.8623021108179404,0,0,0.2292114275989675,0.6935134318871896,0.357,1,ENTRY_APPROVED
ETH/USD,35413,1784070900000,5.477142857142894,2.37532603025559,1884.06,2.284037558685429,1871.55,1875.9007687721219,0.0023337222870478892,1,0,0,0,1,0,0,0.11668611435239445,0,0.2233,0,V4_SCORE_BELOW_THRESHOLD
ETH/USD,35565,1784116500000,4.016428571428589,3.1147074515383086,1884.68,2.203450115596681,1875.83,1877.3004428714905,0.0016755764780978701,1,1,0.0012327507877383467,0.5029343766672527,1,0,0,0.08377882390489351,0.42409601114770334,0.3016,1,ENTRY_APPROVED
ETH/USD,35572,1784118600000,4.410714285714286,2.3669635627530488,1884.39,1.7208097165992233,1876.8,1878.7438427535646,0.0010511283703794245,1,0,0,0,1,0.2791902834007767,0,0.05255641851897123,0,0.2663,0,V4_SCORE_BELOW_THRESHOLD
ETH/USD,35574,1784119200000,4.410714285714286,2.3669635627530488,1884.39,1.7208097165992233,1876.8,1878.7438427535646,0.0010511283703794245,1,1,0.0025042397730334633,2.0631578947368214,1,0.2791902834007767,0,0.05255641851897123,0.5203113264000219,0.3704,1,ENTRY_APPROVED
ETH/USD,35749,1784171700000,5.71642857142857,3.077096088966624,1924.59,1.1510683493689742,1918.01,1919.7380742597463,0.0014276592099593506,1,0,0,0,1,0.8489316506310258,0,0.07138296049796754,0,0.3841,1,ENTRY_APPROVED
ETH/USD,36703,1784457900000,3.0414285714285825,3.1629873179896193,1873.86,3.61014560826671,1862.88,1867.5013177365424,0.0019298311264120255,1,0,0,0,1,0,0,0.09649155632060127,0,0.2193,0,V4_SCORE_BELOW_THRESHOLD
ETH/USD,36707,1784459100000,3.4399999999999897,3.191860465116228,1873.86,3.191860465116228,1862.88,1867.8376427020542,0.00009620575203505292,1,1,0.0010517885744794593,0.5843023255813945,1,0,0,0.004810287601752646,0.4761990616965457,0.2962,0,V4_SCORE_BELOW_THRESHOLD
ETH/USD,36743,1784469900000,5.071428571428539,2.811830985915509,1878.09,2.6422535211267504,1864.69,1868.627280634196,0.0014807370542420078,1,1,0.0011747869363692917,0.39239436619718737,1,0,0,0.07403685271210039,0.5098195010877438,0.3168,1,ENTRY_APPROVED
ETH/USD,36752,1784472600000,4.663571428571394,2.6160208301424706,1876.03,1.8376474192066168,1867.46,1869.362044348368,0.0010576188619380162,1,1,0.0011202389843166058,0.529637004135357,1,0.16235258079338322,0,0.052880943096900807,0.3996347416052881,0.323,1,ENTRY_APPROVED
ETH/USD,36859,1784504700000,5.3321428571428315,3.580174146014737,1875.27,2.1304755525786923,1863.91,1866.5337098971206,0.00237614669101552,1,0,0,0,1,0,0,0.118807334550776,0,0.2238,0,V4_SCORE_BELOW_THRESHOLD
ETH/USD,37185,1784602500000,5.116428571428579,3.5083065754572145,1916.53,2.458746335334339,1903.95,1905.5420761387543,0.002401846124864559,1,1,0.0014582592879094957,0.4319419237749611,1,0,0,0.12009230624322793,0.5235575900434176,0.3287,1,ENTRY_APPROVED
ETH/USD,37321,1784643300000,6.331428571428627,2.885604693140766,1944.06,2.819268953068553,1926.21,1935.9314291947899,0.00046399406087606766,1,0,0,0,1,0,0,0.023199703043803383,0,0.2046,0,V4_SCORE_BELOW_THRESHOLD
ETH/USD,37460,1784685000000,5.660000000000001,4.936395759717323,1943.89,3.0689045936395964,1926.52,1928.6465765317516,0.0010352663481497202,1,1,0.001896582018128557,0.5636042402826951,1,0,0,0.051763317407486006,0.3469056188221814,0.2797,0,V4_SCORE_BELOW_THRESHOLD
ETH/USD,38875,1785109500000,7.246428571428559,5.744898965007418,1951.49,1.1108920650566738,1943.44,1930.485312778809,-0.0000409859162145035,0,0,0,0,1,0.8891079349433262,1,0,0,0.5778,1,ENTRY_APPROVED
ETH/USD,38902,1785117600000,7.296428571428578,3.6812530592266106,1964.99,4.202055800293693,1934.33,1938.0237296382772,0.0031753371868979132,1,0,0,0,1,0,0,0.15876685934489565,0,0.2318,0,V4_SCORE_BELOW_THRESHOLD
ETH/USD,38978,1785140400000,6.823571428571427,4.145922746781112,1978.99,2.879723647021892,1959.34,1959.3966480277159,0.00007132122570625846,1,1,0.0012618168126914441,0.3619805296765455,1,0,0,0.0035660612853129227,0.44625948865696474,0.29,0,V4_SCORE_BELOW_THRESHOLD
ETH/USD,38980,1785141000000,6.868571428571419,3.868344425956735,1978.99,2.860856905158087,1959.34,1960.030382053088,0.0016173987345634226,1,0,0,0,1,0,0,0.08086993672817112,0,0.2162,0,V4_SCORE_BELOW_THRESHOLD
ETH/USD,45104,1786978800000,4.720000000000027,2.701271186440662,1906.78,2.264830508474575,1896.09,1900.0481260592692,0.004444467738300525,1,0,0,0,1,0,0,0.22222338691502622,0,0.2444,0,V4_SCORE_BELOW_THRESHOLD
ETH/USD,45110,1786980600000,5.065714285714323,2.516920473773247,1906.78,2.0313028764805194,1896.49,1901.0950264743046,0.002698850237394059,1,0,0,0,1,0,0,0.13494251186970294,0,0.227,0,V4_SCORE_BELOW_THRESHOLD
ETH/USD,45158,1786995000000,3.409285714285699,2.628116488581627,1912.4,2.094280326838505,1905.26,1905.9857717746313,0.0015302539592701278,1,0,0,0,1,0,0,0.07651269796350639,0,0.2153,0,V4_SCORE_BELOW_THRESHOLD
ETH/USD,45160,1786995600000,3.409285714285699,2.628116488581627,1912.4,2.094280326838505,1905.26,1905.9857717746313,0.0015302539592701278,1,1,0.001341219986273423,0.1554577833647528,1,0,0,0.07651269796350639,0.5565346835242067,0.3266,1,ENTRY_APPROVED
ETH/USD,45910,1787220900000,12.985714285714298,3.980528052805281,2295,1.6410341034103353,2273.69,2269.229429398643,0.004556007852773643,1,0,0,0,1,0.3589658965896647,0.6869965722662311,0.22780039263868215,0,0.4548,1,ENTRY_APPROVED
ETH/USD,45985,1787243400000,17.184285714285807,3.9623410092276603,2321.6,1.4210657577520958,2297.18,2295.2481889180704,0.002920693912138285,1,0,0,0,1,0.5789342422479042,0.22483460925274418,0.14603469560691423,0,0.39,1,ENTRY_APPROVED
ETH/USD,46303,1787338800000,12.865000000000041,3.2771084337349534,2426.15,1.5748153905946485,2405.89,2406.85719260141,0.005272269761714982,1,0,0,0,1,0.4251846094053515,0,0.26361348808574914,0,0.3378,1,ENTRY_APPROVED
ETH/USD,46305,1787339400000,12.865000000000041,3.2771084337349534,2426.15,1.5748153905946485,2405.89,2406.85719260141,0.005272269761714982,1,1,0.0017327861377110189,0.6148464827050003,1,0.4251846094053515,0,0.26361348808574914,0.45196740574598854,0.4282,1,ENTRY_APPROVED
ETH/USD,46319,1787343600000,13.079999999999993,2.7836391437308774,2431.42,1.8409785932721667,2407.34,2411.166800059626,0.005170515690907052,1,1,0.0024350215326651033,0.4510703363914445,1,0.15902140672783327,0,0.2585257845453526,0.3638406495535257,0.3563,1,ENTRY_APPROVED
ETH/USD,46320,1787343900000,13.079999999999993,2.7836391437308774,2431.42,1.8409785932721667,2407.34,2411.166800059626,0.005170515690907052,1,1,0.005890775209654363,1.4686544342507681,1,0.15902140672783327,0,0.2585257845453526,0.6379921093925663,0.4111,1,ENTRY_APPROVED
ETH/USD,46331,1787347200000,14.521428571428585,3.524446630595165,2446.19,1.4406296114117105,2425.27,2421.6887101147154,0.003816669251932975,1,1,0.0026227478578177655,0.38976881455975354,1,0.5593703885882895,0.49324208946369325,0.19083346259664874,0.5317317465313038,0.555,1,ENTRY_APPROVED
ETH/USD,46332,1787347500000,14.521428571428585,3.524446630595165,2446.19,1.4406296114117105,2425.27,2421.6887101147154,0.003816669251932975,1,1,0.010281947768349967,2.2201672405312176,1,0.5593703885882895,0.49324208946369325,0.19083346259664874,1,0.6487,1,ENTRY_APPROVED
ETH/USD,46350,1787352900000,21.342142857142854,5.3185849593359995,2521.38,1.805816794404095,2482.84,2464.666129351317,-0.001367837630557349,0,1,0.0024006370007090775,0.24411794236755086,1,0.19418320559590496,1,0,0.31519142207351114,0.5019,1,ENTRY_APPROVED
ETH/USD,46373,1787359800000,22.837857142857143,3.090482594689266,2546.62,2.420542332593114,2491.34,2492.0329236879434,0.0012155171726670948,1,1,0.0026807838707497192,0.21762111781817023,1,0,0,0.06077585863335474,0.4939313691310749,0.3109,1,ENTRY_APPROVED
ETH/USD,50171,1788499200000,7.54500000000004,3.3651424784625834,2523.63,2.1868787276341832,2507.13,2507.7619364680577,0.0007446935605909327,1,1,0.0014752077617400437,0.5036447978794117,1,0,0,0.03723467802954663,0.49188346657919535,0.3058,1,ENTRY_APPROVED
ETH/USD,50176,1788500700000,7.145714285714315,3.70851659336264,2524.74,2.5609756097560488,2506.44,2508.476558171807,0.00048571519571943757,1,0,0,0,1,0,0,0.02428575978597188,0,0.2049,0,V4_SCORE_BELOW_THRESHOLD
ETH/USD,50207,1788510000000,7.365714285714246,2.5510085337471,2518.79,2.035104732350641,2503.8,2509.000036494558,0.00315289134467634,1,1,0.0010139205324870982,0.40865011636924864,1,0,0,0.157644567233817,0.40767100426671954,0.3131,1,ENTRY_APPROVED
ETH/USD,50214,1788512100000,7.352142857142813,2.5557174778976104,2518.79,2.1395122899057766,2503.06,2510.6090446246994,0.0009727163003429593,1,1,0.0015458150319639184,1.4539978626251011,1,0,0,0.04863581501714796,0.4179820559916061,0.2933,0,V4_SCORE_BELOW_THRESHOLD
ETH/USD,50216,1788512700000,8.282142857142812,2.268736524363958,2518.79,1.8992669253988914,2503.06,2512.1868233388773,0.0032806217747807496,1,1,0.0015212280459133923,0.4696852091418587,1,0.10073307460110859,0,0.1640310887390375,0.49457992081417823,0.3519,1,ENTRY_APPROVED
ETH/USD,50222,1788514500000,9.996428571428526,2.0777420507324122,2520.77,0.6562343694176467,2514.21,2514.617728313578,-0.0029617588168823423,0,1,0.0017968171797885628,0.45416220078599345,1,1,0,0,0.3406390360750929,0.4681,1,ENTRY_APPROVED
ETH/USD,50257,1788525000000,9.167857142857136,3.4850019477990197,2546.4,2.803272302298435,2520.7,2521.9494970140677,0.002532936072012777,1,0,0,0,1,0,0,0.12664680360063885,0,0.2253,0,V4_SCORE_BELOW_THRESHOLD
ETH/USD,50750,1788672900000,5.628571428571441,2.771573604060891,2514.6,2.2385786802030245,2502,2501.005576107344,0.0010537828409028713,1,1,0.0018884537388594307,0.8403553299491591,1,0,0.353348591299071,0.052689142045143564,0.4867085471726628,0.3785,1,ENTRY_APPROVED
ETH/USD,50751,1788673200000,5.628571428571441,2.771573604060891,2514.6,2.2385786802030245,2502,2501.005576107344,0.0010537828409028713,1,1,0.004871185097106605,3.151776649746147,1,0,0.353348591299071,0.052689142045143564,0.7435592548553303,0.4299,1,ENTRY_APPROVED
SOL/USD,9013,1776150600000,0.20571428571428335,3.25694444444449,86.17,3.062500000000013,85.54,85.82506987893649,0.0030239590602466285,1,1,0.003711005450539341,1.2152777777777917,1,0,0,0.15119795301233144,0.5837595426638583,0.347,1,ENTRY_APPROVED
SOL/USD,9017,1776151800000,0.22499999999999737,2.266666666666716,86.01,1.733333333333356,85.62,85.87179227913765,0.0006968641114981193,1,0,0,0,1,0.26666666666664396,0,0.034843205574905965,0,0.2603,0,V4_SCORE_BELOW_THRESHOLD
SOL/USD,9037,1776157800000,0.2514285714285681,2.903409090909145,86.23,1.90909090909095,85.75,85.9309932898321,0.00034818941504179596,1,1,0.001391143055877632,0.3977272727273119,1,0.09090909090904997,0,0.017409470752089796,0.3608615006199766,0.2938,0,V4_SCORE_BELOW_THRESHOLD
SOL/USD,9891,1776414000000,0.28142857142856925,4.086294416243656,88.52,1.8477157360406093,88,88.04902447283357,0.0021512681159420034,1,1,0.001131093767673276,0.3197969543147354,1,0.15228426395939065,0,0.10756340579710016,0.3567536972022744,0.3233,1,ENTRY_APPROVED
SOL/USD,15282,1778031300000,0.3299999999999993,2.575757575757607,86.95,2.4848484848485124,86.13,86.40400231030951,0.0024201913103606516,1,1,0.0013808975834292813,0.39393939393942407,1,0,0,0.12100956551803257,0.5690448791714641,0.338,1,ENTRY_APPROVED
SOL/USD,15300,1778036700000,0.2607142857142861,3.3753424657534565,86.98,2.1479452054794574,86.42,86.55912816153668,0.003798342541436445,1,1,0.003555045871559659,1.227397260273999,1,0,0,0.18991712707182223,0.5223553005519116,0.3425,1,ENTRY_APPROVED
SOL/USD,15504,1778097900000,0.317142857142858,3.1531531531531445,89.5,1.8918918918918688,88.9,88.98403122218345,0.0012324929971988731,1,1,0.0014543013759927895,0.44144144144144204,1,0.1081081081081312,0,0.061624649859943655,0.49971154518401595,0.3339,1,ENTRY_APPROVED
SOL/USD,16133,1778286900000,0.2707142857142862,3.324538258575161,92.66,3.324538258575161,91.76,92.01368930159127,0.0031398873971416877,1,1,0.0016209206829479758,0.6649076517150636,1,0,0,0.15699436985708437,0.3710087113811147,0.3056,1,ENTRY_APPROVED
SOL/USD,28666,1782046800000,0.3185714285714291,3.9865470852017744,74.28,4.551569506726459,72.83,73.39128638182603,0.00584556824361075,1,0,0,0,1,0,0,0.2922784121805375,0,0.2585,0,V4_SCORE_BELOW_THRESHOLD
SOL/USD,28689,1782053700000,0.3135714285714276,3.220956719817794,73.84,1.2118451025057293,73.46,73.56429233700321,0.003381119826886665,1,1,0.0010829836198727263,0.2232346241457648,1,0.7881548974942707,0,0.16905599134433325,0.5004699335466937,0.4915,1,ENTRY_APPROVED
SOL/USD,28711,1782060300000,0.26785714285714285,2.986666666666656,74.19,1.530666666666654,73.78,73.79064722452875,0.0010813733441470436,1,0,0,0,1,0.46933333333334604,0,0.05406866720735218,0,0.3047,1,ENTRY_APPROVED
SOL/USD,28713,1782060900000,0.26785714285714285,2.986666666666656,74.19,1.530666666666654,73.78,73.79064722452875,0.0010813733441470436,1,1,0.004296455424275072,1.8666666666666667,1,0.46933333333334604,0,0.05406866720735218,0.5719656283566195,0.4191,1,ENTRY_APPROVED
SOL/USD,28741,1782069300000,0.32142857142857145,2.7066666666666808,74.58,2.239999999999996,73.86,74.03726565499053,0.0028256189451021764,1,0,0,0,1,0,0,0.1412809472551088,0,0.2283,0,V4_SCORE_BELOW_THRESHOLD
SOL/USD,31843,1782999900000,0.8014285714285734,3.1818181818181883,82.65,2.4705882352941164,80.67,80.83027653887405,0.009551800146950786,1,0,0,0,1,0,0,0.47759000734753926,0,0.2955,0,V4_SCORE_BELOW_THRESHOLD
SOL/USD,31988,1783043400000,0.2835714285714285,1.481108312342576,80.81,0.7405541561713129,80.6,80.80583579506613,0.003931686939427539,1,1,0.0015948963317385554,0.42317380352646455,0.740554156171288,1,0,0.19658434697137692,0.3758161028215925,0.4626,1,ENTRY_APPROVED
SOL/USD,32039,1783058700000,0.2992857142857111,2.1718377088305436,80.88,1.6038186157517729,80.4,80.77369628697714,0.0008633448445978439,1,1,0.001477832512315327,0.400954653937967,1,0.39618138424822713,0,0.04316724222989219,0.5453201970443629,0.3969,1,ENTRY_APPROVED
SOL/USD,32071,1783068300000,0.2835714285714265,2.539042821158705,81.39,1.7279596977329923,80.9,80.95287346847921,0.004059539918809355,1,0,0,0,1,0.2720403022670077,0,0.20297699594046775,0,0.295,0,V4_SCORE_BELOW_THRESHOLD
SOL/USD,32097,1783076100000,0.32142857142857245,2.519999999999999,81.41,1.9288888888888527,80.79,80.98336410753946,0.0036873156342182543,1,1,0.0045287637698898965,1.057777777777785,1,0.07111111111114732,0,0.18436578171091272,0.6572074192637243,0.3825,1,ENTRY_APPROVED
SOL/USD,32143,1783089900000,0.2871428571428548,2.0895522388059673,81.75,3.029850746268697,80.88,81.28817427550749,0.0031913587823739426,1,0,0,0,1,0,0,0.15956793911869713,0,0.2319,0,V4_SCORE_BELOW_THRESHOLD
SOL/USD,32145,1783090500000,0.2871428571428548,2.0895522388059673,81.75,3.029850746268697,80.88,81.28817427550749,0.0031913587823739426,1,1,0.003427592116538146,0.766169154228858,1,0,0,0.15956793911869713,0.5369803685438729,0.3393,1,ENTRY_APPROVED
SOL/USD,32172,1783098600000,0.31357142857142656,3.412300683371344,81.95,2.902050113895224,81.04,81.30202807903085,0.00110456553755527,1,1,0.0018373346398824803,0.5102505694760744,1,0,0,0.05522827687776351,0.4409724590659311,0.2992,0,V4_SCORE_BELOW_THRESHOLD
SOL/USD,32297,1783136100000,0.25928571428571295,3.509641873278242,82.66,3.0853994490358176,81.86,82.15226459478076,0.001700473703388808,1,1,0.001213297743266301,0.34710743801654387,1,0,0,0.0850236851694404,0.322483391294543,0.2815,0,V4_SCORE_BELOW_THRESHOLD
SOL/USD,32298,1783136400000,0.25928571428571295,3.509641873278242,82.66,3.0853994490358176,81.86,82.15226459478076,0.001700473703388808,1,1,0.0024218939210462927,0.9641873278236964,1,0,0,0.0850236851694404,0.39697447022314136,0.2964,0,V4_SCORE_BELOW_THRESHOLD
SOL/USD,37308,1784639400000,0.15285714285714494,2.747663551401843,78.45,1.3084112149532718,78.25,78.30397785287806,0.0011469351344463286,1,1,0.0010183299389001819,0.5887850467289862,1,0.6915887850467282,0,0.05734675672231643,0.4842498302783951,0.4466,1,ENTRY_APPROVED
SOL/USD,42506,1786199400000,0.21499999999999936,2.325581395348844,75.65,1.0697674418604868,75.42,75.30506499154137,0.0019801980198020552,1,0,0,0,1,0.9302325581395132,1,0.09900990099010276,0,0.6058,1,ENTRY_APPROVED
SOL/USD,42507,1786199700000,0.21499999999999936,2.325581395348844,75.65,1.0697674418604868,75.42,75.30506499154137,0.0019801980198020552,1,1,0.003157894736842038,1.162790697674422,1,0.9302325581395132,1,0.09900990099010276,0.657894736842102,0.7374,1,ENTRY_APPROVED
SOL/USD,42588,1786224000000,0.11285714285714173,3.6329113924050693,76.34,2.3037974683544986,76.08,76.11577152335072,0.0005247966413013912,1,1,0.0010484927916120353,0.7088607594936629,1,0,0,0.026239832065069562,0.4482734139149115,0.2949,0,V4_SCORE_BELOW_THRESHOLD
SOL/USD,42697,1786256700000,0.10499999999999991,3.142857142857129,76.05,2.19047619047623,75.82,75.9248442274729,0.00013164823591351902,1,1,0.0010509721492380228,1.5238095238096279,1,0,0,0.006582411795675951,0.4325486074619182,0.2878,0,V4_SCORE_BELOW_THRESHOLD
SOL/USD,42780,1786281600000,0.11499999999999996,2.434782608695663,76.56,2.695652173913064,76.25,76.35227812910153,0.00339602925809829,1,1,0.0022158498435870923,1.3913043478260578,1,0,0,0.16980146290491452,0.4357924921793428,0.3211,1,ENTRY_APPROVED
SOL/USD,42878,1786311000000,0.11857142857142731,2.530120481927714,77.3,1.7710843373493637,77.09,77.12813068743196,0.002198370619423273,1,0,0,0,1,0.22891566265063634,0,0.10991853097116365,0,0.2678,0,V4_SCORE_BELOW_THRESHOLD
SOL/USD,45651,1787142900000,0.12357142857142682,3.2369942196531563,77.55,1.5375722543352635,77.36,77.28110349677239,0.0005165289256197319,1,1,0.0018038912511274393,1.3757225433526346,1,0.46242774566473654,1,0.025826446280986598,0.4958335827541803,0.5968,1,ENTRY_APPROVED
SOL/USD,45725,1787165100000,0.5707142857142854,2.6633291614518093,82.52,2.242803504380479,81.24,80.93541191899071,0.0019488428745431986,1,0,0,0,1,0,1,0.09744214372715992,0,0.4195,1,ENTRY_APPROVED
SOL/USD,45796,1787186400000,0.8742857142857149,2.584967320261442,87.18,2.493464052287588,85,84.72408261078152,0.0021030494216614888,1,1,0.0016347501167678722,0.05718954248365684,1,0,0.6311835701076282,0.10515247108307443,0.5817375058383936,0.4636,1,ENTRY_APPROVED
SOL/USD,45898,1787217300000,0.43928571428571367,6.601626016260185,87.56,1.3430894308943186,86.97,86.18355646491285,0.0011422044545973081,1,0,0,0,1,0.6569105691056814,1,0.057110222729865406,0,0.5428,1,ENTRY_APPROVED
SOL/USD,45929,1787226600000,0.42785714285714455,2.17362270450752,87.9,2.17362270450752,86.97,86.91847262349907,0.006158759124087662,1,1,0.0017078446999885173,0.3505843071786097,1,0,0.24086252788413806,0.3079379562043831,0.5028486626077785,0.4103,1,ENTRY_APPROVED
SOL/USD,45981,1787242200000,0.49214285714285716,2.66182873730044,87.39,1.767779390420909,86.52,86.82543321384523,0.005726720879624327,1,1,0.0027494558368657243,0.04063860667633444,1,0.23222060957909108,0,0.2863360439812163,0.48859387352494277,0.4014,1,ENTRY_APPROVED
SOL/USD,45988,1787244300000,0.5014285714285691,2.612535612535629,87.39,1.2962962962963136,86.74,86.93069481966663,0.005258344764517695,1,0,0,0,1,0.7037037037036864,0,0.26291723822588475,0,0.3933,1,ENTRY_APPROVED
SOL/USD,45990,1787244900000,0.5014285714285691,2.612535612535629,87.39,1.2962962962963136,86.74,86.93069481966663,0.005258344764517695,1,1,0.0015989036089538668,0.15954415954415688,1,0.7037037037036864,0,0.26291723822588475,0.444159982561195,0.4822,1,ENTRY_APPROVED
SOL/USD,46023,1787254800000,0.452142857142857,2.7203791469194094,87.88,2.7203791469194094,86.65,87.1231070906996,0.0013747279184328622,1,1,0.0025177386129548967,0.19905213270139796,1,0,0,0.0687363959216431,0.4575021240352052,0.3052,1,ENTRY_APPROVED
SOL/USD,46034,1787258100000,0.4078571428571434,3.015761821365995,87.88,1.9369527145358798,87.09,87.19900622677274,0.00022885913720100721,1,1,0.0017133066818959622,0.39229422066549025,1,0.0630472854641202,0,0.01144295686005036,0.38798078345648546,0.2925,0,V4_SCORE_BELOW_THRESHOLD
SOL/USD,46041,1787260200000,0.37428571428571394,3.2862595419847085,87.88,1.7633587786259466,87.22,87.26081508315644,0.001027631879424565,1,1,0.0012535612535612471,0.4541984732824477,1,0.2366412213740534,0,0.051381593971228254,0.4370409492386375,0.345,1,ENTRY_APPROVED
SOL/USD,46069,1787268600000,0.25428571428571345,2.359550561797738,87.83,2.5168539325842803,87.19,87.39034258804516,0.0043275253387996294,1,0,0,0,1,0,0,0.21637626693998147,0,0.2433,0,V4_SCORE_BELOW_THRESHOLD
SOL/USD,46078,1787271300000,0.26642857142857174,2.6648793565683913,87.9,1.9892761394101897,87.37,87.47680898154816,0.002844464671748777,1,0,0,0,1,0.010723860589810341,0,0.14222323358743885,0,0.2306,0,V4_SCORE_BELOW_THRESHOLD
SOL/USD,46079,1787271600000,0.26642857142857174,2.6648793565683913,87.9,1.9892761394101897,87.37,87.47680898154816,0.002844464671748777,1,1,0.003853127833182108,1.3136729222519878,1,0.010723860589810341,0,0.14222323358743885,0.5451154080525422,0.3396,1,ENTRY_APPROVED
SOL/USD,46080,1787271900000,0.26642857142857174,2.6648793565683913,87.9,1.9892761394101897,87.37,87.47680898154816,0.002844464671748777,1,1,0.0055236162777589325,3.0777479892761104,1,0.010723860589810341,0,0.14222323358743885,0.7392577369648643,0.3784,1,ENTRY_APPROVED
SOL/USD,46142,1787290500000,0.5707142857142894,2.488110137672077,90.14,2.2603254067584446,88.85,88.96311719120139,0.00022318937618564917,1,1,0.0015600624024961062,0.2277847309136326,1,0,0,0.011159468809282458,0.27330043272190646,0.2569,0,V4_SCORE_BELOW_THRESHOLD
SOL/USD,46143,1787290800000,0.5707142857142894,2.488110137672077,90.14,2.2603254067584446,88.85,88.96311719120139,0.00022318937618564917,1,1,0.002777469170092212,0.700876095118904,1,0,0,0.011159468809282458,0.4186206344825883,0.286,0,V4_SCORE_BELOW_THRESHOLD
SOL/USD,46145,1787291400000,0.5221428571428604,2.7195622435020383,90.14,2.0683994528043614,89.06,89.07090797392328,0.00543900543900554,1,1,0.0037598142209444145,0.6511627906976769,1,0,0,0.271950271950277,0.5254907110472278,0.3595,1,ENTRY_APPROVED
SOL/USD,46252,1787323500000,0.5842857142857137,2.7041564792176036,91.33,1.386308068459663,90.52,90.95400445250351,0.0018587360594794172,1,0,0,0,1,0.6136919315403371,0,0.09293680297397086,0,0.3413,1,ENTRY_APPROVED
SOL/USD,46330,1787346900000,0.5150000000000016,2.834951456310659,92.02,1.5922330097087198,91.2,91.52485035054258,0.004661246612466198,1,0,0,0,1,0.40776699029128016,0,0.23306233062330992,0,0.3282,1,ENTRY_APPROVED
SOL/USD,46331,1787347200000,0.5150000000000016,2.834951456310659,92.02,1.5922330097087198,91.2,91.52485035054258,0.004661246612466198,1,1,0.0017316017316018485,0.29126213592234024,1,0.40776699029128016,0,0.23306233062330992,0.4821853663732501,0.4246,1,ENTRY_APPROVED
SOL/USD,46332,1787347500000,0.5150000000000016,2.834951456310659,92.02,1.5922330097087198,91.2,91.52485035054258,0.004661246612466198,1,1,0.004095710282388396,1.029126213592232,1,0.40776699029128016,0,0.23306233062330992,0.5384140917370757,0.4358,1,ENTRY_APPROVED
SOL/USD,46394,1787366100000,0.6871428571428575,3.0706860706860684,94.97,2.1829521829521816,93.47,93.69350474082202,0.006641366223908871,1,1,0.003364525286510285,0.3638253638253636,1,0,0,0.33206831119544356,0.568226264325504,0.3801,1,ENTRY_APPROVED
SOL/USD,47875,1787810400000,0.5449999999999976,2.000000000000015,101.78,1.8165137614678886,100.79,101.06495126109594,0.0076463091853739935,1,0,0,0,1,0.18348623853211143,0,0.38231545926869964,0,0.3132,1,ENTRY_APPROVED
SOL/USD,47898,1787817300000,0.5057142857142836,3.0254237288135744,102.22,2.3135593220339117,101.05,101.16070587192284,0.0031536414703852685,1,1,0.003043691703485401,0.7514124293785253,1,0,0,0.15768207351926342,0.49378058787956025,0.3303,1,ENTRY_APPROVED
SOL/USD,47900,1787817900000,0.5214285714285702,2.7424657534246495,102.22,2.2438356164383646,101.05,101.2216251943525,0.0034384517143138667,1,1,0.008281371784879135,1.6301369863013626,1,0,0,0.17192258571569333,0.8499909193410444,0.4044,1,ENTRY_APPROVED
SOL/USD,47901,1787818200000,0.5214285714285702,2.7424657534246495,102.22,2.2438356164383646,101.05,101.2216251943525,0.0034384517143138667,1,1,0.014506676914208906,4.410958904109593,1,0,0,0.17192258571569333,1,0.4344,1,ENTRY_APPROVED
SOL/USD,47967,1787838000000,0.624999999999999,2.7839999999999963,104.88,1.2799999999999976,104.08,104.01960297830217,0.003814973772055236,1,1,0.002581015199311691,0.3839999999999924,1,0.7200000000000024,0.19327046943303716,0.19074868860276178,0.610868941783757,0.543,1,ENTRY_APPROVED
SOL/USD,48034,1787858100000,0.9321428571428579,3.1754789272030557,109.63,3.1754789272030557,106.67,107.49153846313604,0.005871021007247046,1,0,0,0,1,0,0,0.2935510503623523,0,0.2587,0,V4_SCORE_BELOW_THRESHOLD
SOL/USD,48085,1787873400000,0.6678571428571404,3.533689839572205,110.61,2.530481283422466,108.92,108.85611196881275,0.008914763940689565,1,0,0,0,1,0,0.19132244633614132,0.44573819703447826,0,0.3274,1,ENTRY_APPROVED
SOL/USD,48097,1787877000000,0.6492857142857115,3.6347634763476497,110.61,2.803080308030805,108.79,109.0277978986428,0.0062807209175313825,1,0,0,0,1,0,0,0.31403604587656914,0,0.2628,0,V4_SCORE_BELOW_THRESHOLD
SOL/USD,48099,1787877600000,0.6492857142857115,3.6347634763476497,110.61,2.803080308030805,108.79,109.0277978986428,0.0062807209175313825,1,1,0.0029104138244657332,0.13861386138614445,1,0,0,0.31403604587656914,0.515483752311652,0.3659,1,ENTRY_APPROVED
SOL/USD,50045,1788461400000,0.5285714285714269,2.7432432432432305,105.24,1.1729729729729583,104.62,104.05348172957268,0.0003815701612133172,1,1,0.0014289797084881936,0.26486486486486677,1,0.8270270270270417,1,0.01907850806066586,0.2801403209631892,0.6252,1,ENTRY_APPROVED
SOL/USD,50046,1788461700000,0.5285714285714269,2.7432432432432305,105.24,1.1729729729729583,104.62,104.05348172957268,0.0003815701612133172,1,1,0.0020914535602243453,0.6810810810810821,1,0.8270270270270417,1,0.01907850806066586,0.332311984595757,0.6357,1,ENTRY_APPROVED
SOL/USD,50048,1788462300000,0.5092857142857119,2.847124824684423,105.24,1.2173913043478128,104.62,104.16528445157923,0.0038962273116032575,1,1,0.004258943781942105,0.8443197755960624,1,0.7826086956521872,1,0.19481136558016288,0.643577529798782,0.7242,1,ENTRY_APPROVED
SOL/USD,50074,1788470100000,0.43714285714285445,2.8594771241830244,105.87,2.173202614379105,104.92,104.78369147507803,0.0032300969029071193,1,0,0,0,1,0,0.6236337741528178,0.16150484514535596,0,0.357,1,ENTRY_APPROVED
SOL/USD,50161,1788496200000,0.3414285714285725,2.7238493723849486,104.15,1.6694560669456229,103.58,103.89498977994131,0.004985618408437162,1,0,0,0,1,0.3305439330543771,0,0.24928092042185812,0,0.316,1,ENTRY_APPROVED
SOL/USD,50794,1788686100000,0.3914285714285707,4.394160583941611,106.45,3.6532846715328713,105.02,105.33081554748948,0.0057650505623286965,1,0,0,0,1,0,0,0.2882525281164348,0,0.2577,0,V4_SCORE_BELOW_THRESHOLD
SOL/USD,50795,1788686400000,0.3914285714285707,4.394160583941611,106.45,3.6532846715328713,105.02,105.33081554748948,0.0057650505623286965,1,1,0.0018869704689120543,0.45985401459852215,1,0,0,0.2882525281164348,0.4432640838555232,0.3463,1,ENTRY_APPROVED
SOL/USD,50796,1788686700000,0.3914285714285707,4.394160583941611,106.45,3.6532846715328713,105.02,105.33081554748948,0.0057650505623286965,1,1,0.0029162746942615453,1.2518248175182376,1,0,0,0.2882525281164348,0.5172423061416443,0.3611,1,ENTRY_APPROVED
SOL/USD,50838,1788699300000,0.4635714285714272,2.3513097072418945,107.27,1.9845916795069434,106.35,106.30774091317394,0.0032707223623961172,1,1,0.0028011204481792453,0.1941448382126121,1,0.015408320493056626,0.1823196349968262,0.16353611811980587,0.588627450980388,0.39,1,ENTRY_APPROVED
SOL/USD,50851,1788703200000,0.43214285714285694,2.4991735537190056,107.33,3.193388429752057,105.95,106.43764806215572,0.005603810591201965,1,0,0,0,1,0,0,0.2801905295600982,0,0.256,0,V4_SCORE_BELOW_THRESHOLD
XRP/USD,7299,1775636400000,0.003492857142857123,3.343967280163593,1.38766,2.9030674846625404,1.37752,1.3779899011995287,0.0006519707627334402,1,1,0.001135895005679366,0.49815950920241464,1,0,0,0.03259853813667201,0.4054846448449714,0.2876,0,V4_SCORE_BELOW_THRESHOLD
XRP/USD,7311,1775640000000,0.0034178571428571075,2.5630094043887057,1.38628,2.4371995820271786,1.37795,1.379015722923072,0.0010192427243419257,1,1,0.0018331408775981428,0.6495297805642375,1,0,0,0.050962136217096284,0.4608513566761077,0.3024,1,ENTRY_APPROVED
XRP/USD,9013,1776150600000,0.002867142857142862,2.835575485799686,1.3689,2.158943697060257,1.36271,1.366495177246375,0.0024127650579135957,1,1,0.003389633672780554,2.0438465371200683,1,0,0,0.12063825289567978,0.6132256497342247,0.3468,1,ENTRY_APPROVED
XRP/USD,9047,1776160800000,0.003496428571428575,3.01736465781411,1.37786,1.4214504596527457,1.37289,1.3709364095004395,0.0005094762584064638,1,0,0,0,1,0.5785495403472543,1,0.025473812920323188,0,0.5208,1,ENTRY_APPROVED
XRP/USD,9087,1776172800000,0.0027178571428571052,3.0943495400788152,1.37529,3.477003942181373,1.36584,1.369995782344081,0.0033167374966286303,1,1,0.0017101356465041,0.8572930354796231,1,0,0,0.1658368748314315,0.4422230826152042,0.3216,1,ENTRY_APPROVED
XRP/USD,9088,1776173100000,0.0027178571428571052,3.0943495400788152,1.37529,3.477003942181373,1.36584,1.369995782344081,0.0033167374966286303,1,1,0.001257367958194339,1.4938239159001345,1,0,0,0.1658368748314315,0.367593211563365,0.3067,1,ENTRY_APPROVED
XRP/USD,9091,1776174000000,0.0029635714285713988,3.1887201735358097,1.37529,3.1887201735358097,1.36584,1.3704414011898562,0.002109535829375013,1,1,0.0013627138300955942,1.6500361532899117,1,0,0,0.10547679146875065,0.4245291341277069,0.306,1,ENTRY_APPROVED
XRP/USD,9480,1776290700000,0.005507857142857175,4.493580599144062,1.40863,5.000129684865769,1.38109,1.3857018391767035,0.0019007984793611992,1,1,0.004993051277275471,1.2799896252107306,1,0,0,0.09503992396805995,0.6082051954427148,0.3406,1,ENTRY_APPROVED
XRP/USD,9481,1776291000000,0.005507857142857175,4.493580599144062,1.40863,5.000129684865769,1.38109,1.3857018391767035,0.0019007984793611992,1,1,0.004999286834973585,2.4165477888730122,1,0,0,0.09503992396805995,0.7261287253103132,0.3642,1,ENTRY_APPROVED
XRP/USD,9522,1776303300000,0.005612142857142907,2.9293623520427405,1.40259,2.3876797759959203,1.38919,1.391961958447034,0.002245744528679833,1,1,0.002411701748126963,0.5880106911034442,1,0,0,0.11228722643399165,0.6205850874063481,0.3466,1,ENTRY_APPROVED
XRP/USD,9524,1776303900000,0.004911428571428614,3.3472949389179485,1.40259,2.341477603257701,1.39109,1.3928539044344843,0.002255081068737191,1,0,0,0,1,0,0,0.11275405343685956,0,0.2226,0,V4_SCORE_BELOW_THRESHOLD
XRP/USD,9543,1776309600000,0.005406428571428574,3.286827850442605,1.40494,1.463073061170579,1.39703,1.3985136248383274,0.0020425531914893573,1,1,0.0024050364292281584,0.6843704584489428,1,0.5369269388294211,0,0.10212765957446786,0.46879762962605254,0.4216,1,ENTRY_APPROVED
XRP/USD,9579,1776320400000,0.004488571428571397,3.2705283259070943,1.41578,3.2705283259070943,1.4011,1.4041942235564275,0.0017963264059982697,1,1,0.001234515346302735,0.2294716740929058,1,0,0,0.08981632029991349,0.5292933348827062,0.3238,1,ENTRY_APPROVED
XRP/USD,9699,1776356400000,0.011272857142857149,3.6698770751489134,1.43469,1.7502217716385768,1.41496,1.4174798298707527,0.002345189569490221,1,1,0.003981738205924668,0.5632999619820114,1,0.24977822836142316,0,0.11725947847451106,0.43774128900157966,0.361,1,ENTRY_APPROVED
XRP/USD,9703,1776357600000,0.011862142857142868,3.4875654844342825,1.43469,1.6632745227915946,1.41496,1.4190007758289902,0.000020929697147264483,1,1,0.003553789542904295,0.3296200397422838,1,0.3367254772084054,0,0.0010464848573632241,0.4822891772942443,0.364,1,ENTRY_APPROVED
XRP/USD,9725,1776364200000,0.009586428571428583,2.803963937113477,1.44184,2.2771775575590483,1.42001,1.4228900351826925,0.0017581804228005845,1,0,0,0,1,0,0,0.08790902114002923,0,0.2176,0,V4_SCORE_BELOW_THRESHOLD
XRP/USD,10028,1776455100000,0.007838571428571457,3.5644250045562207,1.50149,3.336067067614336,1.47534,1.48324237191413,0.0031984658092723073,1,0,0,0,1,0,0,0.15992329046361536,0,0.232,0,V4_SCORE_BELOW_THRESHOLD
XRP/USD,10030,1776455700000,0.007838571428571457,3.5644250045562207,1.50149,3.336067067614336,1.47534,1.48324237191413,0.0031984658092723073,1,1,0.0011995630641799468,0.1109896118097223,1,0,0,0.15992329046361536,0.36578846987787983,0.3051,1,ENTRY_APPROVED
XRP/USD,10094,1776474900000,0.005460714285714295,2.9812949640287445,1.48853,2.8787442773054153,1.47281,1.4798120288681758,0.003481992833572925,1,0,0,0,1,0,0,0.17409964167864625,0,0.2348,0,V4_SCORE_BELOW_THRESHOLD
XRP/USD,16175,1778299500000,0.0033650000000000307,4.0921248142644675,1.43482,2.4071322436849694,1.42672,1.4262324479350321,0.0012106791700199513,1,1,0.0015302486129939322,0.6508172362556066,1,0,0.2897783447060102,0.06053395850099757,0.5151589783001499,0.3731,1,ENTRY_APPROVED
XRP/USD,16176,1778299800000,0.0033650000000000307,4.0921248142644675,1.43482,2.4071322436849694,1.42672,1.4262324479350321,0.0012106791700199513,1,1,0.0014439979909593283,1.3580980683506452,1,0,0.2897783447060102,0.06053395850099757,0.35835245120791226,0.3417,1,ENTRY_APPROVED
XRP/USD,26979,1781540700000,0.009957142857142871,3.1705882352941233,1.26496,1.9905308464849498,1.24514,1.240957111548529,-0.0007341274539987033,0,1,0.01432270405187906,1.934289813486373,1,0.009469153515050177,0.8401784551017714,0,0.9264240671785283,0.5552,1,ENTRY_APPROVED
XRP/USD,32467,1783187100000,0.007251428571428512,2.4408983451536606,1.17915,1.6093380614657131,1.16748,1.1647819553823038,0.004250002125000972,1,0,0,0,1,0.3906619385342869,0.7441415415238065,0.21250010625004861,0,0.4695,1,ENTRY_APPROVED
XRP/USD,32473,1783188900000,0.006725714285714239,2.459218351741733,1.17915,1.7351316907391565,1.16748,1.167650264951893,0.0000677581373288726,1,0,0,0,1,0.2648683092608435,0,0.0033879068664436295,0,0.2537,0,V4_SCORE_BELOW_THRESHOLD
XRP/USD,37292,1784634600000,0.0021150000000000257,3.125295508274196,1.13581,3.2434988179669055,1.12895,1.1314421931690202,0.002663703076488871,1,1,0.00220931256051405,1.106382978723395,1,0,0,0.13318515382444354,0.44599429306023763,0.3158,1,ENTRY_APPROVED
XRP/USD,46105,1787279400000,0.011690000000000042,2.9837467921300167,1.29403,1.0598802395209648,1.28164,1.273715951294863,0.006850266142096736,1,0,0,0,1,0.9401197604790352,1,0.3425133071048368,0,0.6565,1,ENTRY_APPROVED
XRP/USD,46188,1787304300000,0.019062857142857142,3.165317745803361,1.35666,1.05755395683453,1.3365,1.3284538798470873,-0.026632428466617755,0,1,0.003149237225448745,0.1264238609112722,1,0.94244604316547,0.8441672822300524,0,0.38716835421638507,0.6348,1,ENTRY_APPROVED
XRP/USD,46240,1787319900000,0.021082142857142876,3.0661019820430275,1.40517,1.8608165339657832,1.36594,1.3738929954927428,0.01677414782793571,1,0,0,0,1,0.13918346603421683,0,0.8387073913967854,0,0.3956,1,ENTRY_APPROVED
XRP/USD,46241,1787320200000,0.021082142857142876,3.0661019820430275,1.40517,1.8608165339657832,1.36594,1.3738929954927428,0.01677414782793571,1,1,0.005418431121100861,0.38563442317465524,1,0.13918346603421683,0,0.8387073913967854,0.6553753375676474,0.5267,1,ENTRY_APPROVED
XRP/USD,46334,1787348100000,0.012724285714285728,2.924329179297176,1.39949,2.6028965981811885,1.36637,1.3823375528038764,0.004525764530936972,1,1,0.0068059241503296685,0.7615358706635204,1,0,0,0.2262882265468486,0.696996485117547,0.3847,1,ENTRY_APPROVED
XRP/USD,46336,1787348700000,0.013310000000000013,2.7956423741547654,1.39949,2.466566491359871,1.36666,1.384450069976806,0.008821205066319317,1,0,0,0,1,0,0,0.4410602533159658,0,0.2882,0,V4_SCORE_BELOW_THRESHOLD
XRP/USD,46363,1787356800000,0.018570714285714298,4.717104504019389,1.45426,1.1523520135389862,1.43286,1.4222993077597967,-0.007399002922468544,0,0,0,0,1,0.8476479864610138,1,0,0,0.5695,1,ENTRY_APPROVED
XRP/USD,46452,1787383500000,0.06927357142857142,5.255972696245733,1.7,2.552777290865408,1.52316,1.5489525567826659,0.005407108646332261,1,1,0.009670453478546592,0.15662538795459038,1,0,0,0.270355432316613,0.6426128803136314,0.3826,1,ENTRY_APPROVED
XRP/USD,46453,1787383800000,0.07101857142857142,5.1268279926779705,1.7,2.3512159797236127,1.53302,1.554965228451562,0.015528393270202695,1,0,0,0,1,0,0,0.7764196635101347,0,0.3553,1,ENTRY_APPROVED
XRP/USD,50074,1788470100000,0.009646428571428547,2.8839689004072593,1.48323,1.6005923731951295,1.46779,1.4611051563062998,0.0019807353140686703,1,0,0,0,1,0.3994076268048705,1,0.09903676570343352,0,0.4997,1,ENTRY_APPROVED
XRP/USD,50161,1788496200000,0.006012142857142847,3.196863490554837,1.45325,1.5718189378638427,1.4438,1.4483358211293578,0.00414310547398362,1,0,0,0,1,0.42818106213615725,0,0.207155273699181,0,0.3271,1,ENTRY_APPROVED
XRP/USD,50176,1788500700000,0.005337142857142834,3.2170770877944292,1.45664,1.9823340471092228,1.44606,1.4488114778560612,0.0014551824495340204,1,0,0,0,1,0.017665952890777215,0,0.07275912247670102,0,0.2181,0,V4_SCORE_BELOW_THRESHOLD
XRP/USD,50222,1788514500000,0.006920714285714296,2.1659613995252402,1.45316,0.8481783465785991,1.44729,1.4493579602771796,-0.00278367279442166,0,1,0.002172597766899546,0.4566002683455533,1,1,0,0,0.3099356357391151,0.462,1,ENTRY_APPROVED
XRP/USD,51644,1788941100000,0.005597142857142904,3.5035732516590032,1.44226,1.5972434915773523,1.43332,1.431775129176744,0.0009715407943038882,1,1,0.0013507896924355059,0.4627360898417686,1,0.40275650842264765,0.5520212232154919,0.048577039715194406,0.422296737950652,0.4851,1,ENTRY_APPROVED