pair,lotId,signalId,setupTag,regimeAtEntry,directionAtEntry,entryPrice,exitPrice,volume,entryFeeUsd,exitFeeUsd,grossPnlUsd,netPnlUsd,rMultiple,exitReason,openedAtMs,closedAtMs,holdTimeMinutes,mfeUsd,maeUsd,mfeR,maeR,profitCapturePct,profitCaptureClass,givebackR,timeSinceLastMfeMin,rAt15m,rAt30m,rAt60m,rAt120m,rAt360m,initialStopPrice,initialStopDistanceUsd,riskUsd,notionalUsd,entryFee
BTC/USD,replay-BTC/USD-1,replay-BTC/USD-3,PULLBACK_CONTINUATION,TREND,BULLISH,71919.9,71295.9,0.05324813631522908,3.446640575079879,3.4167364217252465,-33.22683706070295,-40.09021405750808,-0.6645367412140589,STRUCTURE_INVALIDATION,1775670600000,1775673900000,55,0,32.45473908413212,0,-0.676038338658136,0,BAD,0.6645367412140589,55.0,-0.11171458998934441,-0.5325878594249119,-0.7624068157614438,-0.6520766773162829,-0.8554845580404581,70980.9,938.999999999998,50,3829.6006389776435,3.446640575079879
BTC/USD,replay-BTC/USD-2,replay-BTC/USD-4,PULLBACK_CONTINUATION,TREND,BULLISH,73035.2,73111.4,0.05626014691935504,3.698073974056031,3.70193229493176,4.28702319525469,-3.112983073733101,0.08574046390509381,TIME_EFFICIENCY,1775844600000,1775855700000,185,20.13550658243766,3.2743405507062997,0.4027101316487532,-0.1241098841041005,-78.78661078513439,BAD,0.31696966774365937,45.0,-0.007651379981035561,-0.0594107151468422,0.1966854736300685,0.22132741798073946,-0.1391876034784811,72146.47142857143,888.7285714285723,50,4108.971082284479,3.698073974056031
BTC/USD,replay-BTC/USD-3,replay-BTC/USD-5,PULLBACK_CONTINUATION,TREND,BULLISH,74511.6,74214.8,0.03758792890511733,2.5206630510658865,2.5106225634967516,-11.156097299038933,-16.18738291360157,-0.22312194598077864,STRUCTURE_INVALIDATION,1776138300000,1776146400000,135,0.4247435966273882,11.156097299038933,0.008494871932547764,-0.237856414111589,-5847.0764601830415,BAD,0.23161681791332642,90.0,-0.04285023895183375,-0.012930247543369112,-0.06510229286366759,-0.158019653117122,-0.013531654405842237,73181.38571428572,1330.2142857142858,50,2800.7367234065405,2.5206630510658865
BTC/USD,replay-BTC/USD-4,replay-BTC/USD-9,PULLBACK_CONTINUATION,TREND,BULLISH,78085.4,78446.9,0.0458391177934357,3.221429263692789,3.2363430206668835,16.570841082327004,10.113068797967331,0.3314168216465401,TIME_EFFICIENCY,1776849000000,1776860100000,185,16.575424994106616,4.689341750267938,0.3315084998821323,-0.11148073447362762,-6.240171460176888,BAD,0.00009167823559219634,0.0,0.07444272729655024,0.07086727610865426,-0.03272913010451042,0.08672761086518568,0.8181365743772484,76994.62857142856,1090.771428571432,50,3579.3658485475435,3.221429263692789
BTC/USD,replay-BTC/USD-5,replay-BTC/USD-10,PULLBACK_CONTINUATION,TREND,BULLISH,78236.4,78868.4,0.05705808513066282,4.01761725436493,4.050071893187251,36.060709802578906,27.993020655026726,0.7212141960515781,STRUCTURE_INVALIDATION,1776855900000,1776888000000,535,69.73639164669676,6.527444938947495,1.3947278329339352,-0.13066301494921786,20.136936671575658,POOR,0.6735136368823571,235.0,-0.00410818212939776,0.011411617026132565,0.11605614515578147,0.06424740385712967,0.8029213739586939,77360.09999999999,876.3000000000029,50,4464.019171516588,4.01761725436493
BTC/USD,replay-BTC/USD-6,replay-BTC/USD-31,PULLBACK_CONTINUATION,TREND,BULLISH,68766.7,69335.7,0.04094525035095925,2.5341027725783785,2.5550708352831046,23.297847449695812,18.20867384183433,0.46595694899391626,TIME_EFFICIENCY,1787171100000,1787182200000,185,43.17676649508653,5.376111371081069,0.8635353299017307,-0.12439167056620944,21.789205310573724,POOR,0.3975783809078144,105.0,-0.10752222742162137,0.2183200748713195,0.6959873654656125,0.30193027608797113,0.5683200748713144,67545.55714285714,1221.1428571428582,50,2815.6697473093095,2.5341027725783785
BTC/USD,replay-BTC/USD-7,replay-BTC/USD-35,PULLBACK_CONTINUATION,TREND,BULLISH,72685.4,76868.5,0.036351173104286365,2.377979601798866,2.514834134790153,152.0605922125405,147.16777847595148,3.0412118442508103,PROFIT,1787260500000,1787300100000,660,152.0605922125405,7.270234620857273,3.0412118442508103,-0.15267492703800273,91.08577705529393,EXCELLENT,0,0.0,0.07641016586521417,0.019193419399069548,-0.07313856028581782,0.22414133336103184,1.2624762419118656,71309.92857142857,1375.471428571427,50,2642.199557554296,2.377979601798866
BTC/USD,replay-BTC/USD-8,replay-BTC/USD-36,PULLBACK_CONTINUATION,TREND,BULLISH,75305.7,77563.7,0.03561434749427632,2.4137670312897517,2.4861425082676196,80.41719664207592,75.51728710251855,1.6083439328415186,TRAILING,1787289300000,1787304000000,245,140.88323581785838,4.7723225642330265,2.8176647163571675,-0.18206054439073432,47.52439632944027,POOR,1.209320783515649,25.0,-0.0928822182650685,-0.042024930043246055,-0.027423047570592766,0.7909234291528947,1.4292749936403015,73901.77142857143,1403.9285714285693,50,2681.963368099724,2.4137670312897517
BTC/USD,replay-BTC/USD-9,replay-BTC/USD-40,PULLBACK_CONTINUATION,TREND,BULLISH,77688.1,78057.1,0.02198768689533861,1.53736345646438,1.544665567282322,8.113456464379947,5.031427440633245,0.16226912928759896,TIME_EFFICIENCY,1787346900000,1787358000000,185,22.821020228671816,0.3847845206684257,0.45642040457343636,-0.04423922603342385,-1.2667588399653251,BAD,0.2941512752858374,135.0,0.3083553210202274,0.283773087071235,0.391820580474934,0.4160949868073866,0.38649956024625953,75414.1,2274,50,1708.1816182937557,1.53736345646438
BTC/USD,replay-BTC/USD-10,replay-BTC/USD-43,PULLBACK_CONTINUATION,TREND,BULLISH,78700.5,76955,0.0341856967044989,2.421388281143174,2.367684260905241,-59.67113359770283,-64.46020613975124,-1.1934226719540566,EMERGENCY,1787373300000,1787376000000,45,0,59.50020511418033,0,-1.835224941884317,0,BAD,1.1934226719540566,40.0,-0.12559824969232697,-0.6009161766716776,-1.0691234787364965,-0.8210036920552475,-1.118487624777791,77237.90000000001,1462.5999999999974,50,2690.4314234924154,2.421388281143174
BTC/USD,replay-BTC/USD-11,replay-BTC/USD-46,PULLBACK_CONTINUATION,TREND,BULLISH,81170,81607.8,0.04195033080832289,3.064597516540412,3.081126785885507,18.365854827883883,12.220130525457964,0.36731709655767764,TIME_EFFICIENCY,1788461700000,1788472800000,185,38.2545066641094,0,0.765090133282188,-0.00008390066162152943,4.201754578353236,BAD,0.39777303672451036,30.0,0.030120337520370948,0.32360485185540033,0.48402291686642457,0.2573233291782501,-0.16419359478377335,79978.11428571428,1191.885714285716,50,3405.108351711569,3.064597516540412
BTC/USD,replay-BTC/USD-12,replay-BTC/USD-47,PULLBACK_CONTINUATION,TREND,BULLISH,81090.8,80948.7,0.055488616906588316,4.0496547022638945,4.042558263047711,-7.884932462426523,-15.977145427738128,-0.15769864924853044,STRUCTURE_INVALIDATION,1788510900000,1788517800000,115,6.580949965120889,13.855507641574942,0.1316189993024178,-0.30119221256897105,-454.3646880270199,BAD,0.2893176485509482,75.0,0.1316189993024178,0.02508085484176823,0.06647536305408634,-0.005659838924478468,-1.9785021244213163,80189.71428571428,901.0857142857234,50,4499.616335848772,4.0496547022638945
ETH/USD,replay-ETH/USD-1,replay-ETH/USD-1,PULLBACK_CONTINUATION,TREND,BULLISH,2141.21,2126.64,1.3416130021465826,2.5854076586936556,2.5678150873965073,-19.547301441275927,-24.70052418736609,-0.3909460288255186,STRUCTURE_INVALIDATION,1775047500000,1775049300000,30,0,29.072753756516544,0,-0.7633777982214006,0,BAD,0.3909460288255186,30.0,-0.5814550751303309,-0.273689052437898,-0.736277215578046,-0.41455841766328916,-0.2865685372585057,2103.941428571429,37.26857142857138,50,2872.675176326284,2.5854076586936556
ETH/USD,replay-ETH/USD-2,replay-ETH/USD-2,PULLBACK_CONTINUATION,TREND,BULLISH,2149.07,2126.95,1.2964403452235465,2.5075269474386106,2.4817174130458994,-28.677260436345296,-33.666504796829805,-0.573545208726906,STRUCTURE_INVALIDATION,1775061900000,1775068200000,105,20.237433788939136,31.334963144053212,0.4047486757787827,-0.6580731192354751,-208.59681614350433,BAD,0.9782938845056887,90.0,0.40474867577878276,0.11642034300106882,-0.3370744897581221,-0.4807200800088901,-0.18435381709079163,2110.5028571428575,38.56714285714276,50,2786.1410527095672,2.5075269474386106
ETH/USD,replay-ETH/USD-3,replay-ETH/USD-3,PULLBACK_CONTINUATION,TREND,BULLISH,2157,2118.14,1.3485397241273047,2.6179201664483367,2.5707563381367082,-52.404253679587235,-57.59293018417228,-1.0480850735917446,EMERGENCY,1775091300000,1775092800000,25,0,52.43122447406976,0,-1.346382060568703,0,BAD,1.0480850735917446,25.0,-0.42883563227248533,-1.1567773753563986,-1.5559451336980856,-2.2517916313477673,-2.8988209909840545,2119.922857142857,37.07714285714279,50,2908.8001849425964,2.6179201664483367
ETH/USD,replay-ETH/USD-4,replay-ETH/USD-6,PULLBACK_CONTINUATION,TREND,BULLISH,2161.24,2127.77,1.595187092657586,3.102823936921753,3.0547721161296284,-53.390911991249084,-59.54850804430046,-1.0678182398249818,EMERGENCY,1775488200000,1775495700000,125,9.315892621120534,53.03997083086473,0.1863178524224107,-1.1877763091928246,-752.1608904109368,BAD,1.2541360922473925,105.0,0.15569026024338387,0.11804384485667008,0.17196116858849822,-1.0607994166172947,-0.46260425687069995,2129.8957142857143,31.34428571428563,50,3447.582152135281,3.102823936921753
ETH/USD,replay-ETH/USD-5,replay-ETH/USD-13,PULLBACK_CONTINUATION,TREND,BULLISH,2377.61,2385.56,0.9813817855540604,2.100008832436071,2.10703061911171,7.801985195154602,3.594945743606821,0.15603970390309205,TIME_EFFICIENCY,1776150300000,1776161400000,185,15.181976222521119,5.2405787348588255,0.30363952445042236,-0.12228017048003628,-24.124686489982103,BAD,0.1475998205473303,95.0,0.02080529385374501,-0.03493719156572848,0.04023665320771112,0.30069537909375843,0.033170704351728315,2326.6614285714286,50.94857142857141,50,2333.34314715119,2.100008832436071
ETH/USD,replay-ETH/USD-6,replay-ETH/USD-15,BREAKOUT_RETEST,TREND,BULLISH,2377.06,2375.85,0.9813817855540604,2.0995230484522214,2.098454323687753,-1.187471960520449,-5.385449332660423,-0.023749439210408976,STRUCTURE_INVALIDATION,1776153300000,1776164400000,185,15.72173620457603,1.5113279497532173,0.3144347240915206,-0.060060565275907425,-80.229425717853,BAD,0.3381841633019296,145.0,0.01825370121130231,0.08066958277254627,0.2245401525347701,0.21158591296545937,0.31502355316285696,2326.1114285714284,50.94857142857141,50,2332.803387169135,2.0995230484522214
ETH/USD,replay-ETH/USD-7,replay-ETH/USD-24,PULLBACK_CONTINUATION,TREND,BULLISH,2367.11,2354.87,1.1056006570426757,2.3553705341630597,2.343191237325077,-13.532552042202612,-18.231113813690747,-0.2706510408440522,STRUCTURE_INVALIDATION,1777915200000,1777923900000,145,6.202419686009049,14.383864548125453,0.12404839372018098,-0.2938686546419424,-424.06201426027854,BAD,0.3946994345642332,115.0,0.009065925387746723,0.12404839372018098,-0.02697665603184692,-0.19657579682219498,-0.3969106358783266,2321.8857142857146,45.224285714285735,50,2617.0783712922885,2.3553705341630597
ETH/USD,replay-ETH/USD-8,replay-ETH/USD-25,PULLBACK_CONTINUATION,TREND,BULLISH,1754.21,1752.55,2.098572970380145,3.313203921333499,3.3100686533157506,-3.4836311308312125,-10.106903705480462,-0.06967262261662424,STRUCTURE_INVALIDATION,1783139100000,1783147500000,140,12.360594795538788,6.022904424991264,0.24721189591077575,-0.16956469600671417,-174.00660441426663,BAD,0.31688451852739996,115.0,0.08352320422113015,0.24721189591077572,-0.03819402806092207,-0.07093176639885118,0.14815925170883706,1730.3842857142859,23.82571428571425,50,3681.3376903705544,3.313203921333499
ETH/USD,replay-ETH/USD-9,replay-ETH/USD-26,BREAKOUT_RETEST,TREND,BULLISH,1788.25,1784.81,2.259959966423457,3.6372360689610725,3.630239232905025,-7.774262284496816,-15.041737586362913,-0.1554852456899363,STRUCTURE_INVALIDATION,1783292400000,1783296900000,75,24.836960030993815,14.757538580745113,0.4967392006198763,-0.43978820946600555,-110.90686988171103,BAD,0.6522244463098126,60.0,0.44973203331827,0.023503583650803128,-0.14644540582424043,0.08633047071737976,-0.6061212629947749,1766.1257142857144,22.124285714285666,50,4041.3734099567473,3.6372360689610725
ETH/USD,replay-ETH/USD-10,replay-ETH/USD-31,PULLBACK_CONTINUATION,TREND,BULLISH,1881.96,1922.08,2.0891780576613175,3.5385745836566636,3.6140106249626984,83.81782367337183,76.66523846475246,1.6763564734674368,STRUCTURE_INVALIDATION,1784116500000,1784150100000,560,118.163910941324,4.491732823972023,2.3632782188264803,-0.17590879245508445,54.34567892503522,GOOD,0.6869217453590435,475.0,-0.02507013669194151,0.07228556079508235,1.8200919238345377,1.7498955410971146,1.8447442249149377,1858.027142857143,23.932857142857106,50,3931.749537396293,3.5385745836566636
ETH/USD,replay-ETH/USD-11,replay-ETH/USD-34,PULLBACK_CONTINUATION,TREND,BULLISH,1926.23,1917.79,1.8222523038475518,3.1590693497162428,3.1452275212162166,-15.379809444473436,-21.684106315405895,-0.3075961888894687,STRUCTURE_INVALIDATION,1784171700000,1784175300000,60,0,20.664341125631086,0,-0.4275003904826363,0,BAD,0.3075961888894687,60.0,-0.06924558754621028,-0.3844952361118318,-0.4275003904826363,-0.20737231217785337,-1.525589628781175,1898.7914285714285,27.438571428571485,50,3510.0770552402696,3.1590693497162428
ETH/USD,replay-ETH/USD-12,replay-ETH/USD-40,PULLBACK_CONTINUATION,TREND,BULLISH,1913.22,1928.35,1.6169269149034444,2.784183220918411,2.806200914718651,24.464104222488924,18.87372008685186,0.4892820844497785,TIME_EFFICIENCY,1784602500000,1784614200000,195,28.829806892728296,0,0.5765961378545659,0,31.93887829500789,POOR,0.08731405340478737,25.0,0.31562413378915205,0.32920631987434334,0.40778896793864544,0.32144507068280653,0.8178416335581611,1882.297142857143,30.92285714285718,50,3093.536912131568,2.784183220918411
ETH/USD,replay-ETH/USD-13,replay-ETH/USD-43,BREAKOUT_RETEST,TREND,BULLISH,1952.42,1942.51,2.5152712899748497,4.419779374775427,4.39734567014014,-24.926338483650966,-33.74346352856654,-0.49852676967301934,TIME_EFFICIENCY,1785109500000,1785120600000,185,2.6410348544734776,32.371541501976616,0.05282069708946955,-0.910025152712908,-1851.1636190477072,BAD,0.5513474667624889,180.0,-0.09155587495509276,-0.4844412504491616,-0.5765001796622374,-0.46784045993533124,0.2449874236435449,1932.5414285714287,19.87857142857141,50,4910.865971972697,4.419779374775427
ETH/USD,replay-ETH/USD-14,replay-ETH/USD-51,PULLBACK_CONTINUATION,TREND,BULLISH,2286.64,2277.07,0.6382319152428012,1.313465964003719,1.3079688725177328,-6.107879428873422,-8.729314265394875,-0.12215758857746845,STRUCTURE_INVALIDATION,1787220900000,1787229000000,135,18.77678294644326,9.286274366782584,0.3755356589288652,-0.24482576268713646,-70.48353501019598,BAD,0.49769324750633365,45.0,-0.04352741661955719,-0.07850252557486571,0.035230401721405416,-0.1710461532850719,0.4283812615109675,2208.2985714285714,78.34142857142862,50,1459.406626670799,1.313465964003719
ETH/USD,replay-ETH/USD-15,replay-ETH/USD-52,PULLBACK_CONTINUATION,TREND,BULLISH,2325.08,2315.44,0.9104151493080822,1.9051092498179123,1.8972104879825151,-8.776402039329797,-12.578721777130223,-0.17552804078659592,STRUCTURE_INVALIDATION,1787243400000,1787252400000,150,21.021485797523752,12.263292061179685,0.42042971595047507,-0.2785870356882682,-90.92391511476717,BAD,0.595957756737071,140.0,0.2922432629278977,0.2514566642388913,0.3257465404224295,-0.2452658412235937,-0.22541879096868314,2270.16,54.92000000000014,50,2116.788055353236,1.9051092498179123
ETH/USD,replay-ETH/USD-17,replay-ETH/USD-54,PULLBACK_CONTINUATION,TREND,BULLISH,2412.42,2454.02,0.7121202872896699,1.546139901117011,1.5728016846731363,29.624203951250205,26.505262365460055,0.592484079025004,TRAILING,1787339400000,1787375400000,600,92.30503163848694,0.5483326212130328,1.8461006327697387,-0.5316690064904664,22.845812374633493,POOR,1.2536165537447346,425.0,0.07975747217644173,0.059675680074875115,0.18329976194835948,0.5320962786628431,1.5180980284441203,2342.207142857143,70.21285714285717,50,1717.9332234633455,1.546139901117011
ETH/USD,replay-ETH/USD-16,replay-ETH/USD-53,PULLBACK_CONTINUATION,TREND,BULLISH,2419.47,2454.02,0.7121202872896699,1.5506583043398636,1.5728016846731363,24.603755925858223,21.480295936845224,0.49207511851716446,TRAILING,1787338800000,1787375400000,610,87.28458361309495,8.338928564161737,1.7456916722618991,-0.6320779669983061,18.402869380762137,BAD,1.2536165537447346,425.0,-0.11137561293210022,-0.05526053429367346,0.07876050377424033,0.2896905328694398,1.497588964170177,2349.2571428571428,70.21285714285717,50,1722.9536714887374,1.5506583043398636
ETH/USD,replay-ETH/USD-18,replay-ETH/USD-61,PULLBACK_CONTINUATION,TREND,BULLISH,2514.71,2508.42,1.2926099641762339,2.9254852827122555,2.9181678177050534,-8.130516674668463,-13.974169775085773,-0.16261033349336929,STRUCTURE_INVALIDATION,1788499200000,1788504300000,85,1.2409055656092316,13.210473833881439,0.024818111312184633,-0.38028585146064897,-1936.137395833256,BAD,0.18742844480555393,35.0,-0.16261033349336929,-0.2642094766776288,-0.14839162388743776,-0.1225394246039131,0.25541972892122666,2476.0285714285715,38.6814285714287,50,3250.539203013617,2.9254852827122555
ETH/USD,replay-ETH/USD-19,replay-ETH/USD-63,PULLBACK_CONTINUATION,TREND,BULLISH,2515,2524.63,1.5342129487572838,3.4726910095121117,3.4859880331389914,14.77447069653281,7.815791653881707,0.2954894139306562,TIME_EFFICIENCY,1788510000000,1788521100000,185,36.88247928812505,0.44492175513955645,0.737649585762501,-0.07671064743786418,-11.364475873543658,BAD,0.44216017183184475,130.0,0.14973918379871423,0.4421601718318447,0.2304387849033507,0.06290273089905421,-1.9318809450751726,2482.41,32.59000000000008,50,3858.5455661245687,3.4726910095121117
ETH/USD,replay-ETH/USD-20,replay-ETH/USD-65,PULLBACK_CONTINUATION,TREND,BULLISH,2530.56,2524.22,1.434367443957211,3.2667775910823234,3.2585930904471034,-9.093889594688926,-15.619260276218354,-0.18187779189377853,TIME_EFFICIENCY,1788512700000,1788523800000,185,12.163435924757175,20.339330355313017,0.2432687184951435,-0.46215319044301706,-220.68849056603895,BAD,0.42514651038892204,175.0,-0.23093315847710313,-0.0160649153723192,-0.35945248145566977,-0.20654891192983316,-2.3755993606819312,2495.7014285714286,34.85857142857152,50,3629.7528789803596,3.2667775910823234
SOL/USD,replay-SOL/USD-1,replay-SOL/USD-4,PULLBACK_CONTINUATION,TREND,BULLISH,88.39,87.88,28.06736166800321,2.2327866880513234,2.2199037690457093,-14.31435445068178,-18.76704490777881,-0.2862870890136356,STRUCTURE_INVALIDATION,1776414000000,1776421800000,130,31.716118684843497,14.033680834001604,0.63432237369687,-0.42101042502004815,-83.28061946902733,BAD,0.9206094627105055,65.0,0.09542902967121186,0.31996792301523275,0.24699278267842695,-0.07297514033680579,0.9486768243785072,86.60857142857142,1.7814285714285714,50,2480.8740978348037,2.2327866880513234
SOL/USD,replay-SOL/USD-2,replay-SOL/USD-5,PULLBACK_CONTINUATION,TREND,BULLISH,86.9,86.97,46.11330698287227,3.6065217391304403,3.609426877470361,3.227931488800744,-3.988017127800057,0.06455862977601488,TIME_EFFICIENCY,1778031300000,1778042400000,185,19.828722002634734,21.21212121212161,0.3965744400526947,-0.4426877470355774,-82.81162790697975,BAD,0.3320158102766798,65.0,0.018445322793145237,-0.06455862977602798,-0.40579710144928693,0.39657444005269465,0.8300395256916929,85.8157142857143,1.0842857142857127,50,4007.2463768116004,3.6065217391304403
SOL/USD,replay-SOL/USD-3,replay-SOL/USD-7,PULLBACK_CONTINUATION,TREND,BULLISH,89.39,89.11,30.224525043177824,2.4315932642486993,2.4239766839378185,-8.462867012089825,-13.318436960276342,-0.1692573402417965,STRUCTURE_INVALIDATION,1778097900000,1778107500000,160,4.835924006908349,14.205526770293543,0.09671848013816697,-0.3264248704663243,-448.0568750000103,BAD,0.2659758203799635,140.0,0.04231433506044483,-0.1390328151986204,-0.01813471502590738,-0.04231433506045342,-0.7858376511226217,87.73571428571428,1.6542857142857181,50,2701.7702936096657,2.4315932642486993
SOL/USD,replay-SOL/USD-4,replay-SOL/USD-8,PULLBACK_CONTINUATION,TREND,BULLISH,92.54,93.22,33.62151777137365,2.8002017291066257,2.820778097982706,22.862632084533832,17.2416522574445,0.4572526416906766,TIME_EFFICIENCY,1778286900000,1778302800000,265,50.09606147934656,5.379442843420146,1.001921229586931,-0.12103746397694971,15.022416107382108,BAD,0.5446685878962545,55.0,-0.013448607108556339,0.07396733909702163,0.20172910662823995,0.6657060518731948,0.4975984630163265,91.05285714285715,1.4871428571428587,50,3111.3352545629173,2.8002017291066257
SOL/USD,replay-SOL/USD-5,replay-SOL/USD-10,PULLBACK_CONTINUATION,TREND,BULLISH,73.86,74.16,47.10632570659484,3.131345895020185,3.144064602960966,14.131897711978317,7.856487213997165,0.28263795423956634,TIME_EFFICIENCY,1782053700000,1782064800000,185,29.205921938089013,7.065948855989493,0.5841184387617803,-0.14131897711978986,-10.179677419355226,BAD,0.30148048452221393,70.0,0.04710632570659216,0.18842530282638204,0.19784656796769243,0.37685060565276407,-0.47106325706594837,72.79857142857142,1.0614285714285725,50,3479.2732166890946,3.131345895020185
SOL/USD,replay-SOL/USD-6,replay-SOL/USD-11,PULLBACK_CONTINUATION,TREND,BULLISH,74,74.37,46.419098143236035,3.09151193633952,3.1069694960212173,17.175066312997544,10.976584880636807,0.3435013262599509,TIME_EFFICIENCY,1782060300000,1782071400000,185,22.281167108753483,8.81962864721474,0.44562334217506966,-0.19496021220158555,1.2333333333342662,BAD,0.10212201591511877,180.0,0.3156498673740082,0.28779840848806554,0.27851458885941355,0.1114058355437707,-1.0305039787798393,72.92285714285714,1.077142857142858,50,3435.0132625994665,3.09151193633952
SOL/USD,replay-SOL/USD-7,replay-SOL/USD-15,BREAKOUT_RETEST,TREND,BULLISH,81.52,80.7,31.992687385740368,2.3472394881169993,2.323628884826323,-26.234003656306882,-30.904872029250203,-0.5246800731261376,STRUCTURE_INVALIDATION,1783043400000,1783047600000,70,1.5996343692869275,25.594149908592204,0.03199268738573855,-0.6270566727605047,-2432.336000000124,BAD,0.5566727605118762,70.0,0.03199268738573855,-0.10877513711151834,-0.4926873857403991,-0.6078610603290688,-0.17276051188299543,79.95714285714286,1.5628571428571445,50,2608.0438756855547,2.3472394881169993
SOL/USD,replay-SOL/USD-8,replay-SOL/USD-16,PULLBACK_CONTINUATION,TREND,BULLISH,81.21,80.89,40.603248259860834,2.9676508120649685,2.9559570765661287,-12.99303944315519,-18.916647331786287,-0.2598607888631038,TIME_EFFICIENCY,1783058700000,1783069800000,185,3.6542923433876133,21.92575406032453,0.07308584686775227,-0.4385150812064906,-796.2766666666289,BAD,0.3329466357308561,30.0,-0.2598607888631038,-0.4385150812064906,-0.26798143851508016,-0.12180974477957558,0.170533642691422,79.97857142857143,1.23142857142857,50,3297.3897911832983,2.9676508120649685
SOL/USD,replay-SOL/USD-9,replay-SOL/USD-24,PULLBACK_CONTINUATION,TREND,BULLISH,78.54,78.1,59.72696245733789,4.221860068259386,4.19820819112628,-26.279863481229384,-34.69993174061505,-0.5255972696245876,STRUCTURE_INVALIDATION,1784639400000,1784645100000,95,0,29.26621160409611,0,-0.8003412969283298,0,BAD,0.5255972696245876,50.0,-0.21501706484642455,-0.3703071672354976,-0.15529010238909005,-0.788395904436873,-0.9914675767918238,77.70285714285716,0.8371428571428571,50,4690.955631399318,4.221860068259386
SOL/USD,replay-SOL/USD-10,replay-SOL/USD-32,PULLBACK_CONTINUATION,TREND,BULLISH,82.14,86.99,32.080659945004676,2.371594867094416,2.511626947754361,155.5912007332725,150.70797891842372,3.11182401466545,PROFIT,1787165100000,1787175000000,165,155.5912007332725,4.170485792850462,3.11182401466545,-0.08340971585700924,91.30131958762885,EXCELLENT,0,25.0,-0.006416131989004217,0.10265811182401277,0.07057745187900992,0.3528872593950496,2.168652612282313,80.58142857142857,1.558571428571424,50,2635.105407882684,2.371594867094416
SOL/USD,replay-SOL/USD-11,replay-SOL/USD-33,PULLBACK_CONTINUATION,TREND,BULLISH,85.64,84.7,19.12568306010932,1.474131147540986,1.4579508196721336,-17.978142076502717,-20.91022404371584,-0.35956284153005436,STRUCTURE_INVALIDATION,1787186400000,1787189400000,50,0,17.978142076502717,0,-0.3939890710382525,0,BAD,0.35956284153005436,50.0,-0.2754098360655738,-0.3289617486338801,-0.2562841530054656,-0.3136612021857957,0.030601092896174263,83.02571428571429,2.61428571428571,50,1637.9234972677623,1.474131147540986
SOL/USD,replay-SOL/USD-12,replay-SOL/USD-34,BREAKOUT_RETEST,TREND,BULLISH,87.57,86.73,21.861336664584606,1.7229575265459063,1.7064303560274805,-18.363522798250834,-21.79291068082422,-0.3672704559650167,TIME_EFFICIENCY,1787217300000,1787228400000,185,8.963148032479925,19.237976264834355,0.17926296064959849,-0.43722673329169215,-308.71536585364777,BAD,0.5465334166146152,45.0,-0.10056214865708472,-0.04809494066208589,0.06121174266083715,-0.1967520299812565,-0.2710805746408449,85.28285714285714,2.28714285714286,50,1914.3972517176737,1.7229575265459063
SOL/USD,replay-SOL/USD-13,replay-SOL/USD-35,PULLBACK_CONTINUATION,TREND,BULLISH,87.79,86.92,23.411371237458145,1.8497558528428055,1.8314247491638758,-20.367892976588692,-24.049073578595372,-0.4073578595317739,STRUCTURE_INVALIDATION,1787226600000,1787229000000,40,0,25.752508361204157,0,-0.5712374581939849,0,BAD,0.4073578595317739,40.0,-0.5150501672240831,-0.4026755852842798,-0.3979933110367925,-0.5806020066889662,-0.018729096989969444,85.65428571428572,2.13571428571429,50,2055.2842809364506,1.8497558528428055
SOL/USD,replay-SOL/USD-15,replay-SOL/USD-37,PULLBACK_CONTINUATION,TREND,BULLISH,87.46,86.83,29.560810810810732,2.326849662162156,2.310088682432426,-18.623310810810626,-23.26024915540521,-0.3724662162162125,STRUCTURE_INVALIDATION,1787244300000,1787252400000,135,8.868243243243557,23.353040540540242,0.17736486486487113,-0.4788851351351268,-352.0113333333184,BAD,0.5498310810810836,70.0,0.12415540540540979,-0.04729729729729616,0.15371621621621884,-0.32516891891891636,-0.09459459459459232,85.76857142857142,1.691428571428576,50,2585.3885135135065,2.326849662162156
SOL/USD,replay-SOL/USD-14,replay-SOL/USD-36,PULLBACK_CONTINUATION,TREND,BULLISH,87.28,86.83,29.560810810810732,2.3220608108108047,2.310088682432426,-13.302364864864913,-17.934514358108142,-0.26604729729729826,STRUCTURE_INVALIDATION,1787242200000,1787252400000,170,14.18918918918927,18.03209459459453,0.2837837837837854,-0.3724662162162125,-182.4733333333324,BAD,0.5498310810810836,70.0,-0.13006756756756654,0.1182432432432446,0.04729729729729616,-0.17736486486486272,0.0591216216216181,85.58857142857143,1.691428571428576,50,2580.0675675675607,2.3220608108108047
SOL/USD,replay-SOL/USD-16,replay-SOL/USD-39,PULLBACK_CONTINUATION,TREND,BULLISH,87.39,87.23,28.271405492730217,2.2235743134087245,2.2195032310177716,-4.523424878836738,-8.966502423263234,-0.09046849757673477,TIME_EFFICIENCY,1787254800000,1787265900000,185,10.177705977382862,5.936995153473169,0.20355411954765723,-0.1696284329563797,-163.214166666666,BAD,0.294022617124392,95.0,-0.09046849757673477,-0.016962843295638776,0.06219709208400616,0.0678513731825551,0.5993537964458819,85.62142857142857,1.768571428571428,50,2470.6381260096937,2.2235743134087245
SOL/USD,replay-SOL/USD-17,replay-SOL/USD-41,PULLBACK_CONTINUATION,TREND,BULLISH,87.74,87.22,29.166666666666703,2.3031750000000026,2.2895250000000025,-15.16666666666657,-19.759366666666573,-0.3033333333333314,STRUCTURE_INVALIDATION,1787260200000,1787266800000,110,0,15.749999999999787,0,-0.3208333333333321,0,BAD,0.3033333333333314,110.0,-0.16916666666666222,-0.13416666666666086,-0.20999999999999994,-0.19249999999999923,0.793333333333334,86.02571428571429,1.7142857142857122,50,2559.083333333336,2.3031750000000026
SOL/USD,replay-SOL/USD-18,replay-SOL/USD-48,PULLBACK_CONTINUATION,TREND,BULLISH,90.45,91.35,30.224525043177895,2.4604274611398966,2.4849093264248703,27.20207253885985,22.256735751295082,0.544041450777197,TRAILING,1787291400000,1787303100000,195,84.62867012089802,12.694300518134767,1.6925734024179604,-0.435233160621761,16.185535714285425,BAD,1.1485319516407633,10.0,0.30224525043177897,-0.23575129533678793,-0.22366148531951918,-0.06044905008636094,0.06044905008635235,88.79571428571428,1.6542857142857141,50,2733.808290155441,2.4604274611398966
SOL/USD,replay-SOL/USD-19,replay-SOL/USD-49,PULLBACK_CONTINUATION,TREND,BULLISH,91.47,91.77,16.50943396226415,1.3591061320754716,1.363563679245283,4.952830188679198,2.2301603773584437,0.09905660377358395,TIME_EFFICIENCY,1787323500000,1787334600000,185,9.245283018867962,11.721698113207443,0.18490566037735923,-0.24103773584905788,-26.67910714285754,BAD,0.08584905660377527,165.0,0.18490566037735923,0.05943396226415319,-0.003301886792454519,0.07264150943396189,0.052830188679244154,88.44142857142857,3.028571428571429,50,1510.1179245283017,1.3591061320754716
SOL/USD,replay-SOL/USD-21,replay-SOL/USD-51,PULLBACK_CONTINUATION,TREND,BULLISH,92.4,93.66,17.61449421238048,1.464821338701561,1.4847961751384002,22.194262707599247,19.244645193759286,0.44388525415198493,TIME_EFFICIENCY,1787347200000,1787358600000,190,42.979365878208334,0,0.8595873175641667,-0.031706089582286066,32.877049180327525,POOR,0.4157020634121818,65.0,0.12330145948666137,0.4826371414192218,0.5002516356316012,0.8595873175641667,1.5430296930045286,89.56142857142858,2.838571428571427,50,1627.5792652239566,1.464821338701561
SOL/USD,replay-SOL/USD-20,replay-SOL/USD-50,PULLBACK_CONTINUATION,TREND,BULLISH,92.24,93.57,17.61449421238048,1.462284851534978,1.4833694011071974,23.42727730246601,20.481623049823835,0.4685455460493202,TIME_EFFICIENCY,1787346900000,1787359500000,210,45.7976849521894,0,0.915953699043788,-0.02818319073980817,33.56553846153829,POOR,0.4474081529944678,80.0,0.271263210870663,0.4791142425767489,0.5530951182687497,0.7644690488173135,1.6240563663814802,89.40142857142857,2.838571428571427,50,1624.7609461499756,1.462284851534978
SOL/USD,replay-SOL/USD-22,replay-SOL/USD-53,PULLBACK_CONTINUATION,TREND,BULLISH,95.15,100.09,19.863791146424543,1.7010357548240658,1.7893501702610692,98.1271282633372,94.63674233825206,1.962542565266744,TRAILING,1787366100000,1787374200000,135,139.64245175936455,2.1850170261066886,2.7928490351872908,-0.19466515323496414,63.35711237553339,GOOD,0.8303064699205467,10.0,0.13110102156640133,0.43700340522133774,0.7230419977298507,2.1373439273552792,-0.7111237230420011,92.63285714285715,2.517142857142854,50,1890.0397275822954,1.7010357548240658
SOL/USD,replay-SOL/USD-24,replay-SOL/USD-58,PULLBACK_CONTINUATION,TREND,BULLISH,104.61,107.14,16.517225106182163,1.5550802265219443,1.5926899480887213,41.788579518640894,38.64080934403023,0.8357715903728179,TRAILING,1787838000000,1787854800000,280,79.11750825861266,0.6606890042473899,1.5823501651722531,-0.0792826805096727,41.90586638830895,POOR,0.7465785747994352,65.0,0.48890986314299334,0.2576687116564421,0.9613025011798008,0.852288815478999,1.503067484662576,101.58285714285714,3.0271428571428567,50,1727.866918357716,1.5550802265219443
SOL/USD,replay-SOL/USD-23,replay-SOL/USD-54,PULLBACK_CONTINUATION,TREND,BULLISH,102.02,107.14,19.47690595436839,1.7883305509181968,1.8780801335559263,99.72175848636626,96.05534780189213,1.994435169727325,TRAILING,1787810400000,1787854800000,740,143.73956594323892,20.645520311630538,2.8747913188647782,-0.43238731218697807,62.32550135501352,GOOD,0.8803561491374532,65.0,-0.41291040623261077,-0.3544796883695034,-0.296048970506396,0.24151363383416982,0.8336115748469674,99.45285714285714,2.567142857142857,50,1987.0339454646632,1.7883305509181968
SOL/USD,replay-SOL/USD-26,replay-SOL/USD-62,PULLBACK_CONTINUATION,TREND,BULLISH,109.97,107.86,15.086206896551749,1.4931271551724161,1.4644784482758644,-31.83189655172418,-34.78950215517246,-0.6366379310344836,STRUCTURE_INVALIDATION,1787877600000,1787882400000,80,0,31.228448275862018,0,-0.6637931034482778,0,BAD,0.6366379310344836,80.0,-0.24137931034482712,-0.2745689655172408,-0.4646551724137915,-0.905172413793105,-0.6849137931034482,106.6557142857143,3.3142857142857087,50,1659.0301724137958,1.4931271551724161
SOL/USD,replay-SOL/USD-25,replay-SOL/USD-60,PULLBACK_CONTINUATION,TREND,BULLISH,109.94,107.86,14.730639730639755,1.457537878787881,1.4299621212121234,-30.639730639730665,-33.52723063973067,-0.6127946127946133,STRUCTURE_INVALIDATION,1787873400000,1787882400000,150,0.1473063973064729,30.050505050504984,0.002946127946129458,-0.6393097643097658,-26103.859999986627,BAD,0.6157407407407428,90.0,-0.1973905723905732,-0.2680976430976425,-0.09427609427609242,-0.21801346801346685,-0.7777777777777792,106.54571428571428,3.394285714285709,50,1619.4865319865346,1.457537878787881
SOL/USD,replay-SOL/USD-27,replay-SOL/USD-63,PULLBACK_CONTINUATION,TREND,BULLISH,104.97,105.33,21.91609267376331,2.070479023168441,2.0775798371947403,7.889793362554779,3.7417345021915978,0.15779586725109557,TIME_EFFICIENCY,1788461400000,1788472500000,185,15.122103944896633,2.191609267376206,0.3024420788979327,-0.09204758922980316,-22.578695652174062,BAD,0.1446462116468371,170.0,0.13587977457733352,0.2366938008766465,0.074514715090796,0.004383218534754904,-0.5391358797745791,102.68857142857142,2.281428571428571,50,2300.5322479649344,2.070479023168441
SOL/USD,replay-SOL/USD-28,replay-SOL/USD-64,PULLBACK_CONTINUATION,TREND,BULLISH,105.18,105.22,21.91609267376331,2.0746211646837827,2.075410144020038,0.876643706950358,-3.2733876017534627,0.01753287413900716,TIME_EFFICIENCY,1788461700000,1788472800000,185,10.519724483406165,6.793988728866676,0.2103944896681233,-0.18409517845961254,-99.07125000000376,BAD,0.19286161552911613,175.0,-0.043832185347530354,0.1271133375078237,0.04383218534752412,-0.11396368190357145,-0.7495303694427087,102.89857142857143,2.281428571428571,50,2305.134627426425,2.0746211646837827
SOL/USD,replay-SOL/USD-29,replay-SOL/USD-67,PULLBACK_CONTINUATION,TREND,BULLISH,104.29,103.69,23.14814814814816,2.1727083333333344,2.160208333333334,-13.888888888889094,-18.22180555555576,-0.2777777777777819,STRUCTURE_INVALIDATION,1788496200000,1788499800000,60,0,12.731481481481751,0,-0.337962962962965,0,BAD,0.2777777777777819,60.0,-0.18981481481481993,-0.23148148148148162,-0.2962962962962967,-0.34722222222222243,-0.19907407407407735,102.13000000000001,2.159999999999999,50,2414.120370370372,2.1727083333333344
SOL/USD,replay-SOL/USD-30,replay-SOL/USD-69,PULLBACK_CONTINUATION,TREND,BULLISH,105.99,106.55,28.5248573757131,2.7210146699266478,2.7353911980440078,15.973920130399401,10.517514262428746,0.319478402607988,TIME_EFFICIENCY,1788686400000,1788697500000,185,29.095354523227655,0,0.5819070904645531,-0.01140994295028297,3.7655882352943073,BAD,0.26242868785656515,175.0,0.3251833740831335,0.2567237163814195,0.45069274653627056,0.353708231458845,-0.13691931540341995,104.23714285714286,1.7528571428571442,50,3023.349633251831,2.7210146699266478
SOL/USD,replay-SOL/USD-31,replay-SOL/USD-71,PULLBACK_CONTINUATION,TREND,BULLISH,107.13,106.27,26.138909634055263,2.520235250186706,2.5000037341299475,-22.47946228528751,-27.499701269604163,-0.4495892457057502,STRUCTURE_INVALIDATION,1788699300000,1788705900000,110,0,32.93502613890939,0,-1.0089619118745292,0,BAD,0.4495892457057502,110.0,-0.27184466019417264,-0.496639283047044,-0.03136669156086751,-0.7371172516803566,-0.5907393577296466,105.21714285714285,1.912857142857143,50,2800.2613890963403,2.520235250186706
XRP/USD,replay-XRP/USD-1,replay-XRP/USD-2,PULLBACK_CONTINUATION,TREND,BULLISH,1.38576,1.378,1742.941088591208,2.1737682386335373,2.161595538070816,-13.525222847468141,-17.860586624172495,-0.27050445694936287,STRUCTURE_INVALIDATION,1775640000000,1775649600000,160,0,23.459987052437707,0,-0.4855833872815105,0,BAD,0.27050445694936287,160.0,-0.25307504606344494,-0.16174493302127105,-0.09063293660674832,-0.2300682236940451,-1.0879438274986384,1.3570728571428572,0.028687142857142817,50,2415.2980429261524,2.1737682386335373
XRP/USD,replay-XRP/USD-2,replay-XRP/USD-4,PULLBACK_CONTINUATION,TREND,BULLISH,1.37394,1.37052,2602.23048327137,3.217777695167279,3.2097680297397697,-8.899628252788029,-15.327173977695079,-0.17799256505576058,STRUCTURE_INVALIDATION,1776160800000,1776164400000,60,0,10.200743494423572,0,-0.20505576208177523,0,BAD,0.17799256505576058,60.0,-0.10929368029739704,-0.09836431226765503,-0.11033457249070086,-0.10304832713753952,0.24981412639405864,1.354725714285714,0.019214285714285757,50,3575.308550185866,3.217777695167279
XRP/USD,replay-XRP/USD-3,replay-XRP/USD-10,PULLBACK_CONTINUATION,TREND,BULLISH,1.4015,1.4089,2242.7271562219644,2.8288638985005745,2.843800461361013,16.5961809560427,10.923516596181113,0.33192361912085405,TIME_EFFICIENCY,1776303300000,1776314400000,185,29.290016660259017,9.32974496988324,0.5858003332051803,-0.20049980776624246,3.851837672282317,BAD,0.25387671408432627,80.0,-0.04575163398692901,-0.06279636037421805,0.14174035627323048,0.256119441240553,0.3565936178392979,1.3792057142857141,0.02229428571428573,50,3143.182109445083,2.8288638985005745
XRP/USD,replay-XRP/USD-4,replay-XRP/USD-12,BREAKOUT_RETEST,TREND,BULLISH,1.4139,1.40861,2130.6385828209636,2.711258903025504,2.7011149327326938,-11.271078103122933,-16.68345193888113,-0.22542156206245867,TIME_EFFICIENCY,1776309600000,1776320700000,185,1.4062214646620597,23.841845741766654,0.028124429293241195,-0.5454434772021634,-1848.0227272724355,BAD,0.2535459913556999,185.0,-0.28507944238143906,-0.25652888537164037,-0.23820539355938306,-0.4018384367200264,0.11633286662202978,1.390432857142857,0.023467142857142877,50,3012.5098922505604,2.711258903025504
XRP/USD,replay-XRP/USD-5,replay-XRP/USD-13,PULLBACK_CONTINUATION,TREND,BULLISH,1.40931,1.40315,2232.4276055619353,2.831564293915042,2.8191877152698064,-13.75175405026189,-19.402506059446736,-0.27503508100523777,STRUCTURE_INVALIDATION,1776320400000,1776327300000,115,7.768848067355373,13.550835565760991,0.15537696134710746,-0.2768210230896792,-374.7407758620815,BAD,0.4304120423523452,75.0,-0.12010460517923574,-0.013394565633370136,0.02053833397116556,-0.12233703278479247,0.32414848832759496,1.3869128571428573,0.022397142857142845,50,3146.182548794491,2.831564293915042
XRP/USD,replay-XRP/USD-6,replay-XRP/USD-14,PULLBACK_CONTINUATION,TREND,BULLISH,1.43896,1.45022,1858.6373533004091,2.407054325314641,2.4258897562529875,20.928256598162694,16.095312516595065,0.4185651319632539,TIME_EFFICIENCY,1776356400000,1776367500000,185,19.701555944984232,40.79708990494382,0.3940311188996846,-0.8817375604057127,39.283547169811975,POOR,-0.024534013063569282,0.0,-0.3531410971270801,-0.7586957676172285,-0.6698529021294647,-0.30667516329457084,0.38399447719186264,1.4120585714285714,0.02690142857142857,50,2674.504805905157,2.407054325314641
XRP/USD,replay-XRP/USD-7,replay-XRP/USD-15,PULLBACK_CONTINUATION,TREND,BULLISH,1.42966,1.44449,1858.6373533004091,2.3914975306675164,2.4163047634220174,27.563591949445293,22.755789655355755,0.5512718389889059,STRUCTURE_INVALIDATION,1776357600000,1776385800000,470,66.52063087462162,23.511762519249856,1.3304126174924322,-0.5360310126918334,21.6969712210118,POOR,0.7791407785035264,270.0,-0.3613191014815977,-0.4702352503849971,-0.11597897084594595,0.315224895119751,0.7847166905634313,1.4027585714285713,0.02690142857142857,50,2657.219478519463,2.3914975306675164
XRP/USD,replay-XRP/USD-8,replay-XRP/USD-18,PULLBACK_CONTINUATION,TREND,BULLISH,1.49222,1.47902,1457.4831348380137,1.9573969351211828,1.9400820354793071,-19.23877737986193,-23.136256350462418,-0.3847755475972386,STRUCTURE_INVALIDATION,1776455700000,1776458700000,50,0,21.920546347963967,0,-0.4760139918381005,0,BAD,0.3847755475972386,50.0,-0.13292246189723034,-0.28216873490464334,-0.28770717081702524,-0.35591738152744457,-0.3999333721995561,1.457914285714286,0.034305714285714224,50,2174.885483467981,1.9573969351211828
XRP/USD,replay-XRP/USD-9,replay-XRP/USD-20,PULLBACK_CONTINUATION,TREND,BULLISH,1.43145,1.4253,2766.5797170184196,3.5641984823334147,3.548885463599718,-17.01446525966294,-24.127549205596072,-0.34028930519325884,STRUCTURE_INVALIDATION,1778299500000,1778307300000,130,5.726820014228173,17.097462651173423,0.11453640028456347,-0.437119595288899,-634.758695652163,BAD,0.4548257054778223,130.0,-0.008299739151048202,-0.2141332700972156,-0.30266382104180756,-0.29934392538138827,-0.7530629989724082,1.4133771428571427,0.01807285714285713,50,3960.2205359260165,3.5641984823334147
XRP/USD,replay-XRP/USD-10,replay-XRP/USD-23,PULLBACK_CONTINUATION,TREND,BULLISH,1.17642,1.16735,2148.4255110183553,2.2747056657049924,2.2571680682585495,-19.48621938493629,-24.018093118899834,-0.3897243876987258,STRUCTURE_INVALIDATION,1783187100000,1783195200000,135,9.130808421828197,21.699097661285386,0.18261616843656395,-0.45804431894911823,-348.19242352940256,BAD,0.5723405561352898,125.0,0.07863237370327172,0.13878828801178858,-0.13706954760297219,-0.3708182432017645,-0.8340187833773224,1.153147142857143,0.023272857142857126,50,2527.450739672214,2.2747056657049924
XRP/USD,replay-XRP/USD-11,replay-XRP/USD-26,BREAKOUT_RETEST,TREND,BULLISH,1.29684,1.306,771.1051478979674,0.9,0.9063569908392709,7.063323154745426,5.256966163906155,0.1412664630949085,TIME_EFFICIENCY,1787279400000,1787290500000,185,17.496375805804956,7.140433669535214,0.3499275161160991,-0.19570648653650552,12.202926399295043,BAD,0.20866105302119062,90.0,-0.08528422935751573,-0.14280867339070427,0.15992720767403829,0.08713488171246928,0.9987353875574463,1.231998,0.064842,50,1000,0.9
XRP/USD,replay-XRP/USD-12,replay-XRP/USD-27,BREAKOUT_RETEST,TREND,BULLISH,1.36499,1.36476,942.1772369979512,1.15745625605685,1.1572612253687915,-0.216700764509484,-2.5314182459351255,-0.00433401529018968,BREAK_EVEN,1787304300000,1787313000000,145,57.614138042424756,0.5841498869385817,1.1522827608484951,-0.1326585549693103,-11.312397383483152,BAD,1.1566167761386847,120.0,0.44338860773123684,1.0363949606977494,0.22913750403790498,0.44470765586303423,0.7788037041025082,1.3119214285714282,0.05306857142857159,50,1286.0625067298333,1.15745625605685
XRP/USD,replay-XRP/USD-13,replay-XRP/USD-28,PULLBACK_CONTINUATION,TREND,BULLISH,1.41154,1.39153,708.4460943366819,0.9,0.8872415942870906,-14.176006347677063,-15.963247941964154,-0.2835201269535413,TIME_EFFICIENCY,1787319900000,1787331000000,185,5.447950465449066,16.620145373138584,0.10895900930898131,-0.36088244045510726,-349.1093107932402,BAD,0.3924791362625226,185.0,-0.12978732448248093,-0.2310951159726263,-0.17271915779928196,-0.17952024030491462,-0.5687405245334891,1.340963,0.070577,50,1000,0.9
XRP/USD,replay-XRP/USD-14,replay-XRP/USD-29,PULLBACK_CONTINUATION,TREND,BULLISH,1.41849,1.39652,704.9750086359438,0.9,0.8860605291542414,-15.488300939731717,-17.27436146888596,-0.30976601879463433,TIME_EFFICIENCY,1787320200000,1787331300000,185,0.3101890037998124,21.438290012619085,0.006203780075996248,-0.4571057955995476,-6552.891136363706,BAD,0.3159697988706306,185.0,-0.17990962220389434,-0.29594850862537014,-0.25167607808303083,-0.25576493313312104,-0.7044110286290352,1.3475655,0.0709245,50,1000,0.9
XRP/USD,replay-XRP/USD-15,replay-XRP/USD-32,BREAKOUT_RETEST,TREND,BULLISH,1.45424,1.67951,687.6444053251183,0.9,1.0394150896688306,154.90565518758947,152.96624009792063,3.098113103751789,PROFIT,1787356800000,1787375100000,305,154.45180988007482,16.187149301353212,3.089036197601496,-0.42496424249092213,96.7201567160857,EXCELLENT,-0.009076906150292885,5.0,-0.12913961932005735,0.24961491913301945,0.21674551655847724,0.5161458906370346,1.0503080646935863,1.3815279999999999,0.072712,50,1000.0000000000001,0.9
XRP/USD,replay-XRP/USD-17,replay-XRP/USD-34,PULLBACK_CONTINUATION,TREND,BULLISH,1.61324,1.52376,619.8705710247699,0.8999999999999998,0.8500805831742331,-55.46601869529641,-57.216099278470644,-1.1093203739059283,EMERGENCY,1787383800000,1787385900000,35,0,55.509409635268156,0,-1.181969204830031,0,BAD,1.1093203739059283,35.0,-0.44729860405147537,-1.1101881927053632,-1.4364880612928008,-1.192878926880067,-1.4383476730058764,1.532578,0.08066200000000001,50,999.9999999999998,0.8999999999999998
XRP/USD,replay-XRP/USD-16,replay-XRP/USD-33,PULLBACK_CONTINUATION,TREND,BULLISH,1.59647,1.51313,626.3819551886348,0.8999999999999999,0.8530175950691211,-52.202672145420806,-53.95568974048992,-1.0440534429084163,EMERGENCY,1787383500000,1787387400000,65,10.059694200329453,52.91048375478401,0.20119388400658905,-1.4022186448852791,-565.5625342465764,BAD,1.2452473269150053,60.0,-0.03031688663113104,-0.4145395779438394,-1.0582096750956804,-0.9979517310065339,-1.1907520968135958,1.5166465,0.0798235,50,999.9999999999999,0.8999999999999999
XRP/USD,replay-XRP/USD-18,replay-XRP/USD-35,PULLBACK_CONTINUATION,TREND,BULLISH,1.47409,1.44627,1246.0393748442457,1.6530967638577385,1.6218984299903882,-34.66481540816686,-37.93981060201499,-0.6932963081633372,STRUCTURE_INVALIDATION,1788470100000,1788474600000,75,0,34.191320445725985,0,-0.8136637117732886,0,BAD,0.6932963081633372,60.0,-0.01545088824806473,-0.13382462885826885,-0.4797251593150343,-0.46502189469186994,-0.6486880985439142,1.433962857142857,0.04012714285714284,50,1836.774182064154,1.6530967638577385
XRP/USD,replay-XRP/USD-19,replay-XRP/USD-36,PULLBACK_CONTINUATION,TREND,BULLISH,1.45547,1.44788,1247.0605002494135,1.6335532316682124,1.6250345613910087,-9.46518919689303,-12.723776989952253,-0.1893037839378606,STRUCTURE_INVALIDATION,1788496200000,1788499800000,60,1.0101190052019968,9.739542506948037,0.020202380104039935,-0.26886624385377383,-1813.758395061777,BAD,0.20950616404190053,60.0,-0.13493194612698994,-0.18780731133756257,-0.19379320173876022,-0.3172521912634524,-0.23719090714744165,1.4153757142857144,0.04009428571428567,50,1815.059146298014,1.6335532316682124
XRP/USD,replay-XRP/USD-20,replay-XRP/USD-38,BREAKOUT_RETEST,TREND,BULLISH,1.45437,1.44553,1724.3927674040492,2.257114598216484,2.2433953293590174,-15.243632063851724,-19.744141991427227,-0.30487264127703445,STRUCTURE_INVALIDATION,1788514500000,1788517800000,55,0.8966842390502365,16.864561265211428,0.01793368478100473,-0.39005764398679355,-3063.664038461083,BAD,0.32280632605803916,55.0,-0.04310981918510031,-0.24175986599004634,-0.20175395378627067,0.012760506478789324,-1.9354584421343028,1.4253742857142857,0.028995714285714298,50,2507.905109129427,2.257114598216484
XRP/USD,replay-XRP/USD-21,replay-XRP/USD-39,PULLBACK_CONTINUATION,TREND,BULLISH,1.4436,1.42893,2089.053360391543,2.714181687955108,2.6865999164378587,-30.646412796943853,-36.04719440133682,-0.612928255938877,STRUCTURE_INVALIDATION,1788941100000,1788946200000,85,0,31.064223469022114,0,-0.6785245314551743,0,BAD,0.612928255938877,85.0,-0.12617882296765012,-0.1579324340455962,-0.45917392861406336,-0.9609645457801058,-0.7683538259520054,1.4196657142857143,0.02393428571428578,50,3015.7574310612313,2.714181687955108