fold,pair,lotId,e0ExitReason,e0ClosedAtMs,e0NetPnlUsd,cohortExitReason,cohortClosedAtMs,cohortNetPnlUsd,sameExit
1,ETH/USD,replay-ETH/USD-1,STRUCTURE_INVALIDATION,1784150100000,76.66523846475246,STRUCTURE_INVALIDATION,1784150100000,76.66523846475246,1
1,ETH/USD,replay-ETH/USD-2,STRUCTURE_INVALIDATION,1784175300000,-21.684106315405895,STRUCTURE_INVALIDATION,1784175300000,-21.684106315405895,1
1,ETH/USD,replay-ETH/USD-3,TIME_EFFICIENCY,1784614200000,18.87372008685186,TIME_EFFICIENCY,1784614200000,18.87372008685186,1
1,ETH/USD,replay-ETH/USD-4,TIME_EFFICIENCY,1785120600000,-33.74346352856654,TIME_EFFICIENCY,1785120600000,-33.74346352856654,1
1,SOL/USD,replay-SOL/USD-1,STRUCTURE_INVALIDATION,1784645100000,-34.69993174061505,STRUCTURE_INVALIDATION,1784645100000,-34.69993174061505,1
2,BTC/USD,replay-BTC/USD-1,TIME_EFFICIENCY,1787182200000,18.20867384183433,TIME_EFFICIENCY,1787182200000,18.20867384183433,1
2,BTC/USD,replay-BTC/USD-2,PROFIT,1787300100000,147.16777847595148,PROFIT,1787300100000,147.16777847595148,1
2,BTC/USD,replay-BTC/USD-3,TRAILING,1787304000000,75.51728710251855,TRAILING,1787304000000,75.51728710251855,1
2,BTC/USD,replay-BTC/USD-4,TIME_EFFICIENCY,1787358000000,5.031427440633245,TIME_EFFICIENCY,1787358000000,5.031427440633245,1
2,BTC/USD,replay-BTC/USD-5,EMERGENCY,1787376000000,-64.46020613975124,EMERGENCY,1787376000000,-64.46020613975124,1
2,BTC/USD,replay-BTC/USD-6,TIME_EFFICIENCY,1788472800000,12.220130525457964,TIME_EFFICIENCY,1788472800000,12.220130525457964,1
2,BTC/USD,replay-BTC/USD-7,STRUCTURE_INVALIDATION,1788517800000,-15.977145427738128,STRUCTURE_INVALIDATION,1788517800000,-15.977145427738128,1
2,ETH/USD,replay-ETH/USD-1,STRUCTURE_INVALIDATION,1787229000000,-8.729314265394875,STRUCTURE_INVALIDATION,1787229000000,-8.729314265394875,1
2,ETH/USD,replay-ETH/USD-2,STRUCTURE_INVALIDATION,1787252400000,-12.578721777130223,STRUCTURE_INVALIDATION,1787252400000,-12.578721777130223,1
2,ETH/USD,replay-ETH/USD-4,TRAILING,1787375400000,26.505262365460055,TRAILING,1787375400000,26.505262365460055,1
2,ETH/USD,replay-ETH/USD-3,TRAILING,1787375400000,21.480295936845224,TRAILING,1787375400000,21.480295936845224,1
2,ETH/USD,replay-ETH/USD-5,STRUCTURE_INVALIDATION,1788504300000,-13.974169775085773,STRUCTURE_INVALIDATION,1788504300000,-13.974169775085773,1
2,ETH/USD,replay-ETH/USD-6,TIME_EFFICIENCY,1788521100000,7.815791653881707,TIME_EFFICIENCY,1788521100000,7.815791653881707,1
2,ETH/USD,replay-ETH/USD-7,TIME_EFFICIENCY,1788523800000,-15.619260276218354,TIME_EFFICIENCY,1788523800000,-15.619260276218354,1
2,SOL/USD,replay-SOL/USD-1,PROFIT,1787175000000,150.70797891842372,PROFIT,1787175000000,150.70797891842372,1
2,SOL/USD,replay-SOL/USD-2,STRUCTURE_INVALIDATION,1787189400000,-20.91022404371584,STRUCTURE_INVALIDATION,1787189400000,-20.91022404371584,1
2,SOL/USD,replay-SOL/USD-3,TIME_EFFICIENCY,1787228400000,-21.79291068082422,TIME_EFFICIENCY,1787228400000,-21.79291068082422,1
2,SOL/USD,replay-SOL/USD-4,STRUCTURE_INVALIDATION,1787229000000,-24.049073578595372,STRUCTURE_INVALIDATION,1787229000000,-24.049073578595372,1
2,SOL/USD,replay-SOL/USD-6,STRUCTURE_INVALIDATION,1787252400000,-23.26024915540521,STRUCTURE_INVALIDATION,1787252400000,-23.26024915540521,1
2,SOL/USD,replay-SOL/USD-5,STRUCTURE_INVALIDATION,1787252400000,-17.934514358108142,STRUCTURE_INVALIDATION,1787252400000,-17.934514358108142,1
2,SOL/USD,replay-SOL/USD-7,TIME_EFFICIENCY,1787265900000,-8.966502423263234,TIME_EFFICIENCY,1787265900000,-8.966502423263234,1
2,SOL/USD,replay-SOL/USD-8,STRUCTURE_INVALIDATION,1787266800000,-19.759366666666573,STRUCTURE_INVALIDATION,1787266800000,-19.759366666666573,1
2,SOL/USD,replay-SOL/USD-9,TRAILING,1787303100000,22.256735751295082,TRAILING,1787303100000,22.256735751295082,1
2,SOL/USD,replay-SOL/USD-10,TIME_EFFICIENCY,1787334600000,2.2301603773584437,TIME_EFFICIENCY,1787334600000,2.2301603773584437,1
2,SOL/USD,replay-SOL/USD-12,TIME_EFFICIENCY,1787358600000,19.244645193759286,TIME_EFFICIENCY,1787358600000,19.244645193759286,1
2,SOL/USD,replay-SOL/USD-11,TIME_EFFICIENCY,1787359500000,20.481623049823835,TIME_EFFICIENCY,1787359500000,20.481623049823835,1
2,SOL/USD,replay-SOL/USD-13,TRAILING,1787374200000,94.63674233825206,TRAILING,1787374200000,94.63674233825206,1
2,SOL/USD,replay-SOL/USD-15,TRAILING,1787854800000,38.64080934403023,TRAILING,1787854800000,38.64080934403023,1
2,SOL/USD,replay-SOL/USD-14,TRAILING,1787854800000,96.05534780189213,TRAILING,1787854800000,96.05534780189213,1
2,SOL/USD,replay-SOL/USD-17,STRUCTURE_INVALIDATION,1787882400000,-34.78950215517246,STRUCTURE_INVALIDATION,1787882400000,-34.78950215517246,1
2,SOL/USD,replay-SOL/USD-16,STRUCTURE_INVALIDATION,1787882400000,-33.52723063973067,STRUCTURE_INVALIDATION,1787882400000,-33.52723063973067,1
2,SOL/USD,replay-SOL/USD-18,TIME_EFFICIENCY,1788472500000,3.7417345021915978,TIME_EFFICIENCY,1788472500000,3.7417345021915978,1
2,SOL/USD,replay-SOL/USD-19,TIME_EFFICIENCY,1788472800000,-3.2733876017534627,TIME_EFFICIENCY,1788472800000,-3.2733876017534627,1
2,SOL/USD,replay-SOL/USD-20,STRUCTURE_INVALIDATION,1788499800000,-18.22180555555576,STRUCTURE_INVALIDATION,1788499800000,-18.22180555555576,1
2,SOL/USD,replay-SOL/USD-21,TIME_EFFICIENCY,1788697500000,10.517514262428746,TIME_EFFICIENCY,1788697500000,10.517514262428746,1
2,SOL/USD,replay-SOL/USD-22,STRUCTURE_INVALIDATION,1788705900000,-27.499701269604163,STRUCTURE_INVALIDATION,1788705900000,-27.499701269604163,1
2,XRP/USD,replay-XRP/USD-1,TIME_EFFICIENCY,1787290500000,5.256966163906155,TIME_EFFICIENCY,1787290500000,5.256966163906155,1
2,XRP/USD,replay-XRP/USD-2,BREAK_EVEN,1787313000000,-2.5314182459351255,BREAK_EVEN,1787313000000,-2.5314182459351255,1
2,XRP/USD,replay-XRP/USD-3,TIME_EFFICIENCY,1787331000000,-15.963247941964154,TIME_EFFICIENCY,1787331000000,-15.963247941964154,1
2,XRP/USD,replay-XRP/USD-4,TIME_EFFICIENCY,1787331300000,-17.27436146888596,TIME_EFFICIENCY,1787331300000,-17.27436146888596,1
2,XRP/USD,replay-XRP/USD-5,PROFIT,1787375100000,152.96624009792063,PROFIT,1787375100000,152.96624009792063,1
2,XRP/USD,replay-XRP/USD-7,EMERGENCY,1787385900000,-57.216099278470644,EMERGENCY,1787385900000,-57.216099278470644,1
2,XRP/USD,replay-XRP/USD-6,EMERGENCY,1787387400000,-53.95568974048992,EMERGENCY,1787387400000,-53.95568974048992,1
2,XRP/USD,replay-XRP/USD-8,STRUCTURE_INVALIDATION,1788474600000,-37.93981060201499,STRUCTURE_INVALIDATION,1788474600000,-37.93981060201499,1
2,XRP/USD,replay-XRP/USD-9,STRUCTURE_INVALIDATION,1788499800000,-12.723776989952253,STRUCTURE_INVALIDATION,1788499800000,-12.723776989952253,1
2,XRP/USD,replay-XRP/USD-10,STRUCTURE_INVALIDATION,1788517800000,-19.744141991427227,STRUCTURE_INVALIDATION,1788517800000,-19.744141991427227,1
2,XRP/USD,replay-XRP/USD-11,STRUCTURE_INVALIDATION,1788946200000,-36.04719440133682,STRUCTURE_INVALIDATION,1788946200000,-36.04719440133682,1