fold,pair,lotId,entryTime,entryPrice,e0ExitTime,e1ExitTime,e0Reason,e1Reason,e0Net,e1Net,e0R,e1R,e0MfeR,e1MfeR,e0Capture,e1Capture,e0Giveback,e1Giveback,deltaNet,deltaR,deltaCapture,deltaGiveback
1,ETH/USD,replay-ETH/USD-1,1784116500000,1881.96,1784150100000,1784133300000,STRUCTURE_INVALIDATION,MFE_GIVEBACK,76.66523846475246,56.731544499492585,1.6763564734674368,1.277323464454127,2.3632782188264803,2.3632782188264803,0.7093352192362081,0.5404879773691649,0.6869217453590435,1.0859547543723533,-19.933693965259877,-0.39903300901330985,-0.16884724186704325,0.39903300901330985
1,ETH/USD,replay-ETH/USD-2,1784171700000,1926.23,1784175300000,1784175300000,STRUCTURE_INVALIDATION,STRUCTURE_INVALIDATION,-21.684106315405895,-21.684106315405895,-0.3075961888894687,-0.3075961888894687,0,0,,,0.3075961888894687,0.3075961888894687,0,0,,0
1,ETH/USD,replay-ETH/USD-3,1784602500000,1913.22,1784614200000,1784632500000,TIME_EFFICIENCY,STRUCTURE_INVALIDATION,18.87372008685186,19.778384228032955,0.4892820844497785,0.5073916658967026,0.5765961378545659,0.9999076041762923,0.8485698261357233,0.5074385510996124,0.08731405340478737,0.4925159382795897,0.9046641411810938,0.018109581446924095,-0.34113127503611085,0.40520188487480235
1,ETH/USD,replay-ETH/USD-4,1785109500000,1952.42,1785120600000,1785121500000,TIME_EFFICIENCY,TIME_EFFICIENCY,-33.74346352856654,-38.59356809198747,-0.49852676967301934,-0.5956162414660517,0.05282069708946955,0.05282069708946955,-9.438095238095727,-11.276190476191104,0.5513474667624889,0.6484369385555213,-4.850104563420935,-0.0970894717930324,-1.8380952380953772,0.0970894717930324
1,SOL/USD,replay-SOL/USD-1,1784639400000,78.54,1784645100000,1784645100000,STRUCTURE_INVALIDATION,STRUCTURE_INVALIDATION,-34.69993174061505,-34.69993174061505,-0.5255972696245876,-0.5255972696245876,0,0,,,0.5255972696245876,0.5255972696245876,0,0,,0
2,BTC/USD,replay-BTC/USD-1,1787171100000,68766.7,1787182200000,1787178600000,TIME_EFFICIENCY,MFE_GIVEBACK,18.20867384183433,10.01472139681784,0.46595694899391626,0.30193027608797113,0.8635353299017307,0.8635353299017307,0.5395922238027501,0.3496443812233258,0.3975783809078144,0.5616050538137596,-8.193952445016489,-0.16402667290594514,-0.18994784257942426,0.1640266729059452
2,BTC/USD,replay-BTC/USD-2,1787260500000,72685.4,1787300100000,1787300100000,PROFIT,PROFIT,147.16777847595148,147.16777847595148,3.0412118442508103,3.0412118442508103,3.0412118442508103,3.0412118442508103,1,1,0,0,0,0,0,0
2,BTC/USD,replay-BTC/USD-3,1787289300000,75305.7,1787304000000,1787312100000,TRAILING,TRAILING,75.51728710251855,36.26645794963151,1.6083439328415186,0.8226201984228007,2.8176647163571675,2.8176647163571675,0.5708074220132459,0.29195105920420844,1.209320783515649,1.995044517934367,-39.25082915288704,-0.7857237344187179,-0.2788563628090374,0.785723734418718
2,BTC/USD,replay-BTC/USD-4,1787346900000,77688.1,1787358000000,1787358600000,TIME_EFFICIENCY,STRUCTURE_INVALIDATION,5.031427440633245,1.7691945910290234,0.16226912928759896,0.09696569920844327,0.45642040457343636,0.45642040457343636,0.35552558049908667,0.21244821273725908,0.2941512752858374,0.3594547053649931,-3.2622328496042217,-0.06530343007915569,-0.14307736776182758,0.06530343007915568
2,BTC/USD,replay-BTC/USD-5,1787373300000,78700.5,1787376000000,1787376000000,EMERGENCY,EMERGENCY,-64.46020613975124,-64.46020613975124,-1.1934226719540566,-1.1934226719540566,0,0,,,1.1934226719540566,1.1934226719540566,0,0,,0
2,BTC/USD,replay-BTC/USD-6,1788461700000,81170,1788472800000,1788475500000,TIME_EFFICIENCY,STRUCTURE_INVALIDATION,12.220130525457964,-4.599386026944091,0.36731709655767764,0.03062374149007571,0.765090133282188,0.765090133282188,0.48009650180941515,0.0400263186752936,0.39777303672451036,0.7344663917921123,-16.819516552402057,-0.33669335506760195,-0.44007018313412155,0.3366933550676019
2,BTC/USD,replay-BTC/USD-7,1788510900000,81090.8,1788517800000,1788517800000,STRUCTURE_INVALIDATION,STRUCTURE_INVALIDATION,-15.977145427738128,-15.977145427738128,-0.15769864924853044,-0.15769864924853044,0.1316189993024178,0.1316189993024178,-1.1981450252952468,-1.1981450252952468,0.2893176485509482,0.2893176485509482,0,0,0,0
2,ETH/USD,replay-ETH/USD-1,1787220900000,2286.64,1787229000000,1787229000000,STRUCTURE_INVALIDATION,STRUCTURE_INVALIDATION,-8.729314265394875,-8.729314265394875,-0.12215758857746845,-0.12215758857746845,0.3755356589288652,0.3755356589288652,-0.3252889191026406,-0.3252889191026406,0.49769324750633365,0.49769324750633365,0,0,0,0
2,ETH/USD,replay-ETH/USD-2,1787243400000,2325.08,1787252400000,1787252400000,STRUCTURE_INVALIDATION,STRUCTURE_INVALIDATION,-12.578721777130223,-12.578721777130223,-0.17552804078659592,-0.17552804078659592,0.42042971595047507,0.42042971595047507,-0.4174967518406154,-0.4174967518406154,0.595957756737071,0.595957756737071,0,0,0,0
2,ETH/USD,replay-ETH/USD-4,1787339400000,2412.42,1787375400000,1787375400000,TRAILING,TRAILING,26.505262365460055,26.505262365460055,0.592484079025004,0.592484079025004,1.8461006327697387,1.8461006327697387,0.3209381268322785,0.3209381268322785,1.2536165537447346,1.2536165537447346,0,0,0,0
2,ETH/USD,replay-ETH/USD-3,1787338800000,2419.47,1787375400000,1787375400000,TRAILING,TRAILING,21.480295936845224,21.480295936845224,0.49207511851716446,0.49207511851716446,1.7456916722618991,1.7456916722618991,0.2818797421881385,0.2818797421881385,1.2536165537447346,1.2536165537447346,0,0,0,0
2,ETH/USD,replay-ETH/USD-5,1788499200000,2514.71,1788504300000,1788504300000,STRUCTURE_INVALIDATION,STRUCTURE_INVALIDATION,-13.974169775085773,-13.974169775085773,-0.16261033349336929,-0.16261033349336929,0.024818111312184633,0.024818111312184633,,,0.18742844480555393,0.18742844480555393,0,0,,0
2,ETH/USD,replay-ETH/USD-6,1788510000000,2515,1788521100000,1788524700000,TIME_EFFICIENCY,TIME_EFFICIENCY,7.815791653881707,4.075681190549323,0.2954894139306562,0.22061982203129907,0.737649585762501,0.737649585762501,0.4005823627287905,0.29908485856905426,0.44216017183184475,0.5170297637312019,-3.7401104633323836,-0.07486959189935713,-0.10149750415973624,0.07486959189935716
2,ETH/USD,replay-ETH/USD-7,1788512700000,2530.56,1788523800000,1788524700000,TIME_EFFICIENCY,TIME_EFFICIENCY,-15.619260276218354,-18.528405598131016,-0.18187779189377853,-0.240113110118434,0.2432687184951435,0.2432687184951435,-0.7476415094339779,-0.9870283018867775,0.42514651038892204,0.4833818286135775,-2.9091453219126624,-0.05823531822465547,-0.2393867924527996,0.05823531822465544
2,SOL/USD,replay-SOL/USD-1,1787165100000,82.14,1787175000000,1787175000000,PROFIT,PROFIT,150.70797891842372,150.70797891842372,3.11182401466545,3.11182401466545,3.11182401466545,3.11182401466545,1,1,0,0,0,0,0,0
2,SOL/USD,replay-SOL/USD-2,1787186400000,85.64,1787189400000,1787189400000,STRUCTURE_INVALIDATION,STRUCTURE_INVALIDATION,-20.91022404371584,-20.91022404371584,-0.35956284153005436,-0.35956284153005436,0,0,,,0.35956284153005436,0.35956284153005436,0,0,,0
2,SOL/USD,replay-SOL/USD-3,1787217300000,87.57,1787228400000,1787229000000,TIME_EFFICIENCY,STRUCTURE_INVALIDATION,-21.79291068082422,-17.642995003122838,-0.3672704559650167,-0.28419737663959616,0.17926296064959849,0.17926296064959849,-2.0487804878047977,-1.585365853658474,0.5465334166146152,0.46346033728919467,4.149915677701383,0.08307307932542052,0.46341463414632367,-0.08307307932542052
2,SOL/USD,replay-SOL/USD-4,1787226600000,87.79,1787229000000,1787229000000,STRUCTURE_INVALIDATION,STRUCTURE_INVALIDATION,-24.049073578595372,-24.049073578595372,-0.4073578595317739,-0.4073578595317739,0,0,,,0.4073578595317739,0.4073578595317739,0,0,,0
2,SOL/USD,replay-SOL/USD-6,1787244300000,87.46,1787252400000,1787252400000,STRUCTURE_INVALIDATION,STRUCTURE_INVALIDATION,-23.26024915540521,-23.26024915540521,-0.3724662162162125,-0.3724662162162125,0.17736486486487113,0.17736486486487113,-2.099999999999905,-2.099999999999905,0.5498310810810836,0.5498310810810836,0,0,0,0
2,SOL/USD,replay-SOL/USD-5,1787242200000,87.28,1787252400000,1787252400000,STRUCTURE_INVALIDATION,STRUCTURE_INVALIDATION,-17.934514358108142,-17.934514358108142,-0.26604729729729826,-0.26604729729729826,0.2837837837837854,0.2837837837837854,-0.9374999999999981,-0.9374999999999981,0.5498310810810836,0.5498310810810836,0,0,0,0
2,SOL/USD,replay-SOL/USD-7,1787254800000,87.39,1787265900000,1787266800000,TIME_EFFICIENCY,STRUCTURE_INVALIDATION,-8.966502423263234,-9.248962035541245,-0.09046849757673477,-0.09612277867528371,0.20355411954765723,0.20355411954765723,-0.4444444444444357,-0.47222222222222776,0.294022617124392,0.29967689822294097,-0.28245961227801075,-0.005654281098548944,-0.027777777777792056,0.0056542810985489855
2,SOL/USD,replay-SOL/USD-8,1787260200000,87.74,1787266800000,1787266800000,STRUCTURE_INVALIDATION,STRUCTURE_INVALIDATION,-19.759366666666573,-19.759366666666573,-0.3033333333333314,-0.3033333333333314,0,0,,,0.3033333333333314,0.3033333333333314,0,0,,0
2,SOL/USD,replay-SOL/USD-9,1787291400000,90.45,1787303100000,1787303100000,TRAILING,MFE_GIVEBACK,22.256735751295082,22.256735751295082,0.544041450777197,0.544041450777197,1.6925734024179604,1.6925734024179604,0.32142857142856873,0.32142857142856873,1.1485319516407633,1.1485319516407633,0,0,0,0
2,SOL/USD,replay-SOL/USD-10,1787323500000,91.47,1787334600000,1787335800000,TIME_EFFICIENCY,TIME_EFFICIENCY,2.2301603773584437,2.560051886792575,0.09905660377358395,0.105660377358493,0.18490566037735923,0.18490566037735923,0.5357142857142785,0.5714285714285823,0.08584905660377527,0.07924528301886623,0.32989150943413126,0.006603773584909045,0.035714285714303795,-0.006603773584909045
2,SOL/USD,replay-SOL/USD-12,1787347200000,92.4,1787358600000,1787357400000,TIME_EFFICIENCY,MFE_GIVEBACK,19.244645193759286,10.621311021640597,0.44388525415198493,0.271263210870658,0.8595873175641667,0.8595873175641667,0.5163934426229475,0.31557377049180196,0.4157020634121818,0.5883241066935088,-8.623334172118689,-0.1726220432813269,-0.20081967213114554,0.17262204328132696
2,SOL/USD,replay-SOL/USD-11,1787346900000,92.24,1787359500000,1787357400000,TIME_EFFICIENCY,MFE_GIVEBACK,20.481623049823835,13.44216658278825,0.4685455460493202,0.3276295923502794,0.915953699043788,0.915953699043788,0.5115384615384593,0.3576923076923092,0.4474081529944678,0.5883241066935085,-7.039456467035585,-0.1409159536990408,-0.15384615384615008,0.14091595369904075
2,SOL/USD,replay-SOL/USD-13,1787366100000,95.15,1787374200000,1787375400000,TRAILING,TRAILING,94.63674233825206,2.9486208853574167,1.962542565266744,0.12712826333711438,2.7928490351872908,2.7928490351872908,0.7027027027027024,0.045519203413939294,0.8303064699205467,2.6657207718501765,-91.68812145289465,-1.8354143019296296,-0.6571834992887631,1.8354143019296298
2,SOL/USD,replay-SOL/USD-15,1787838000000,104.61,1787854800000,1787882400000,TRAILING,STRUCTURE_INVALIDATION,38.64080934403023,50.522508258612554,0.8357715903728179,1.0736196319018407,1.5823501651722531,1.7640396413402561,0.5281837160751562,0.6086142322097375,0.7465785747994352,0.6904200094384154,11.881698914582323,0.23784804152902284,0.0804305161345813,-0.05615856536101982
2,SOL/USD,replay-SOL/USD-14,1787810400000,102.02,1787854800000,1787868300000,TRAILING,PROFIT,96.05534780189213,148.5956649972177,1.994435169727325,3.046188091263219,2.8747913188647782,3.0267111853088515,0.6937669376693765,1.006435006435006,0.8803561491374532,-0.019476905954367574,52.540317195325585,1.051752921535894,0.3126680687656296,-0.8998330550918208
2,SOL/USD,replay-SOL/USD-17,1787877600000,109.97,1787882400000,1787882400000,STRUCTURE_INVALIDATION,STRUCTURE_INVALIDATION,-34.78950215517246,-34.78950215517246,-0.6366379310344836,-0.6366379310344836,0,0,,,0.6366379310344836,0.6366379310344836,0,0,,0
2,SOL/USD,replay-SOL/USD-16,1787873400000,109.94,1787882400000,1787882400000,STRUCTURE_INVALIDATION,STRUCTURE_INVALIDATION,-33.52723063973067,-33.52723063973067,-0.6127946127946133,-0.6127946127946133,0.002946127946129458,0.002946127946129458,,,0.6157407407407428,0.6157407407407428,0,0,,0
2,SOL/USD,replay-SOL/USD-18,1788461400000,104.97,1788472500000,1788473400000,TIME_EFFICIENCY,TIME_EFFICIENCY,3.7417345021915978,-5.016812773950985,0.15779586725109557,-0.01753287413900716,0.3024420788979327,0.3024420788979327,0.5217391304347835,-0.057971014492742286,0.1446462116468371,0.31997495303693985,-8.758547276142583,-0.17532874139010274,-0.5797101449275258,0.17532874139010274
2,SOL/USD,replay-SOL/USD-19,1788461700000,105.18,1788472800000,1788473400000,TIME_EFFICIENCY,TIME_EFFICIENCY,-3.2733876017534627,-9.623334376956795,0.01753287413900716,-0.10958046336881655,0.2103944896681233,0.2103944896681233,0.08333333333331853,-0.5208333333333445,0.19286161552911613,0.31997495303693985,-6.349946775203332,-0.12711333750782372,-0.604166666666663,0.12711333750782372
2,SOL/USD,replay-SOL/USD-20,1788496200000,104.29,1788499800000,1788499800000,STRUCTURE_INVALIDATION,STRUCTURE_INVALIDATION,-18.22180555555576,-18.22180555555576,-0.2777777777777819,-0.2777777777777819,0,0,,,0.2777777777777819,0.2777777777777819,0,0,,0
2,SOL/USD,replay-SOL/USD-21,1788686400000,105.99,1788697500000,1788698100000,TIME_EFFICIENCY,TIME_EFFICIENCY,10.517514262428746,16.502343113284713,0.319478402607988,0.4392828035859876,0.5819070904645531,0.5819070904645531,0.5490196078431339,0.7549019607843162,0.26242868785656515,0.14262428687856554,5.984828850855967,0.1198044009779996,0.2058823529411823,-0.1198044009779996
2,SOL/USD,replay-SOL/USD-22,1788699300000,107.13,1788705900000,1788705900000,STRUCTURE_INVALIDATION,STRUCTURE_INVALIDATION,-27.499701269604163,-27.499701269604163,-0.4495892457057502,-0.4495892457057502,0,0,,,0.4495892457057502,0.4495892457057502,0,0,,0
2,XRP/USD,replay-XRP/USD-1,1787279400000,1.29684,1787290500000,1787296200000,TIME_EFFICIENCY,TIME_EFFICIENCY,5.256966163906155,6.751563801240021,0.1412664630949085,0.17118534283335046,0.3499275161160991,0.3499275161160991,0.40370207139709197,0.4892022917584867,0.20866105302119062,0.17874217328274866,1.4945976373338663,0.029918879738441956,0.08550022036139471,-0.029918879738441956
2,XRP/USD,replay-XRP/USD-2,1787304300000,1.36499,1787313000000,1787307000000,BREAK_EVEN,MFE_GIVEBACK,-2.5314182459351255,20.84178771400893,-0.00433401529018968,0.4635512006029954,1.1522827608484951,1.1522827608484951,-0.0037612428454611986,0.4022894521668056,1.1566167761386847,0.6887315602454998,23.373205959944055,0.46788521589318505,0.4060506950122668,-0.467885215893185
2,XRP/USD,replay-XRP/USD-3,1787319900000,1.41154,1787331000000,1787331300000,TIME_EFFICIENCY,TIME_EFFICIENCY,-15.963247941964154,-12.431283562633741,-0.2835201269535413,-0.21281720673873972,0.10895900930898131,0.10895900930898131,-2.602080624187276,-1.953185955786747,0.3924791362625226,0.321776216047721,3.5319643793304127,0.07070292021480157,0.648894668400529,-0.07070292021480162
2,XRP/USD,replay-XRP/USD-4,1787320200000,1.41849,1787331300000,1787331900000,TIME_EFFICIENCY,TIME_EFFICIENCY,-17.27436146888596,-14.900733878983955,-0.30976601879463433,-0.2622507032125704,0.006203780075996248,0.006203780075996248,,,0.3159697988706306,0.26845448328856664,2.3736275899020054,0.047515315582063955,,-0.047515315582063955
2,XRP/USD,replay-XRP/USD-5,1787356800000,1.45424,1787375100000,1787375100000,PROFIT,PROFIT,152.96624009792063,152.96624009792063,3.098113103751789,3.098113103751789,3.089036197601496,3.089036197601496,1.0029384266061177,1.0029384266061177,-0.009076906150292885,-0.009076906150292885,0,0,0,0
2,XRP/USD,replay-XRP/USD-7,1787383800000,1.61324,1787385900000,1787385900000,EMERGENCY,EMERGENCY,-57.216099278470644,-57.216099278470644,-1.1093203739059283,-1.1093203739059283,0,0,,,1.1093203739059283,1.1093203739059283,0,0,,0
2,XRP/USD,replay-XRP/USD-6,1787383500000,1.59647,1787387400000,1787387400000,EMERGENCY,EMERGENCY,-53.95568974048992,-53.95568974048992,-1.0440534429084163,-1.0440534429084163,0.20119388400658905,0.20119388400658905,-5.189290161892912,-5.189290161892912,1.2452473269150053,1.2452473269150053,0,0,0,0
2,XRP/USD,replay-XRP/USD-8,1788470100000,1.47409,1788474600000,1788474600000,STRUCTURE_INVALIDATION,STRUCTURE_INVALIDATION,-37.93981060201499,-37.93981060201499,-0.6932963081633372,-0.6932963081633372,0,0,,,0.6932963081633372,0.6932963081633372,0,0,,0
2,XRP/USD,replay-XRP/USD-9,1788496200000,1.45547,1788499800000,1788499800000,STRUCTURE_INVALIDATION,STRUCTURE_INVALIDATION,-12.723776989952253,-12.723776989952253,-0.1893037839378606,-0.1893037839378606,0.020202380104039935,0.020202380104039935,,,0.20950616404190053,0.20950616404190053,0,0,,0
2,XRP/USD,replay-XRP/USD-10,1788514500000,1.45437,1788517800000,1788517800000,STRUCTURE_INVALIDATION,STRUCTURE_INVALIDATION,-19.744141991427227,-19.744141991427227,-0.30487264127703445,-0.30487264127703445,0.01793368478100473,0.01793368478100473,,,0.32280632605803916,0.32280632605803916,0,0,,0
2,XRP/USD,replay-XRP/USD-11,1788941100000,1.4436,1788946200000,1788946200000,STRUCTURE_INVALIDATION,STRUCTURE_INVALIDATION,-36.04719440133682,-36.04719440133682,-0.612928255938877,-0.612928255938877,0,0,,,0.612928255938877,0.612928255938877,0,0,,0