policy,pair,lotId,exitReason,entryPrice,exitPrice,volume,grossPnlUsd,entryFeeUsd,exitFeeUsd,netPnlUsd,rMultiple,mfeR,holdTimeMinutes,openedAtMs,closedAtMs
E1,ETH/USD,replay-ETH/USD-1,STRUCTURE_INVALIDATION,1754.21,1752.55,2.098572970380145,-3.4836311308312125,3.313203921333499,3.3100686533157506,-10.106903705480462,-0.06967262261662424,0.24721189591077575,140,1783139100000,1783147500000
E1,ETH/USD,replay-ETH/USD-2,STRUCTURE_INVALIDATION,1788.25,1784.81,2.259959966423457,-7.774262284496816,3.6372360689610725,3.630239232905025,-15.041737586362913,-0.1554852456899363,0.4967392006198763,75,1783292400000,1783296900000
E1,SOL/USD,replay-SOL/USD-2,TIME_EFFICIENCY,74,74.35,46.419098143236035,16.246684350132348,3.09151193633952,3.106133952254639,10.049038461538188,0.32493368700264696,0.44562334217506966,195,1782060300000,1782072000000
E1,SOL/USD,replay-SOL/USD-1,TIME_EFFICIENCY,73.86,74.35,47.10632570659484,23.08209959623123,3.131345895020185,3.152119784656793,16.79863391655425,0.4616419919246246,0.5841184387617803,305,1782053700000,1782072000000
E1,SOL/USD,replay-SOL/USD-3,STRUCTURE_INVALIDATION,81.52,80.7,31.992687385740368,-26.234003656306882,2.3472394881169993,2.323628884826323,-30.904872029250203,-0.5246800731261376,0.03199268738573855,70,1783043400000,1783047600000
E1,SOL/USD,replay-SOL/USD-4,STRUCTURE_INVALIDATION,81.21,80.8,40.603248259860834,-16.647331786542804,2.9676508120649685,2.9526682134570796,-22.56765081206485,-0.3329466357308561,0.07308584686775227,220,1783058700000,1783071900000
E1,XRP/USD,replay-XRP/USD-1,STRUCTURE_INVALIDATION,1.17642,1.16735,2148.4255110183553,-19.48621938493629,2.2747056657049924,2.2571680682585495,-24.018093118899834,-0.3897243876987258,0.18261616843656395,135,1783187100000,1783195200000
E1,ETH/USD,replay-ETH/USD-1,MFE_GIVEBACK,1881.96,1912.53,2.0891780576613175,63.866173222706344,3.5385745836566636,3.5960541395570993,56.731544499492585,1.277323464454127,2.3632782188264803,280,1784116500000,1784133300000
E1,ETH/USD,replay-ETH/USD-2,STRUCTURE_INVALIDATION,1926.23,1917.79,1.8222523038475518,-15.379809444473436,3.1590693497162428,3.1452275212162166,-21.684106315405895,-0.3075961888894687,0,60,1784171700000,1784175300000
E1,ETH/USD,replay-ETH/USD-3,STRUCTURE_INVALIDATION,1913.22,1928.91,1.6169269149034444,25.36958329483513,2.784183220918411,2.807015845883763,19.778384228032955,0.5073916658967026,0.9999076041762923,500,1784602500000,1784632500000
E1,ETH/USD,replay-ETH/USD-4,TIME_EFFICIENCY,1952.42,1940.58,2.5152712899748497,-29.780812073302588,4.419779374775427,4.392976643909455,-38.59356809198747,-0.5956162414660517,0.05282069708946955,200,1785109500000,1785121500000
E1,SOL/USD,replay-SOL/USD-1,STRUCTURE_INVALIDATION,78.54,78.1,59.72696245733789,-26.279863481229384,4.221860068259386,4.19820819112628,-34.69993174061505,-0.5255972696245876,0,95,1784639400000,1784645100000
E1,BTC/USD,replay-BTC/USD-1,MFE_GIVEBACK,68766.7,69135.4,0.04094525035095925,15.096513804398557,2.5341027725783785,2.547689635002337,10.01472139681784,0.30193027608797113,0.8635353299017307,125,1787171100000,1787178600000
E1,BTC/USD,replay-BTC/USD-2,PROFIT,72685.4,76868.5,0.036351173104286365,152.0605922125405,2.377979601798866,2.514834134790153,147.16777847595148,3.0412118442508103,3.0412118442508103,660,1787260500000,1787300100000
E1,BTC/USD,replay-BTC/USD-3,TRAILING,75305.7,76460.6,0.03561434749427632,41.131009921140034,2.4137670312897517,2.4507849402187776,36.26645794963151,0.8226201984228007,2.8176647163571675,380,1787289300000,1787312100000
E1,BTC/USD,replay-BTC/USD-4,STRUCTURE_INVALIDATION,77688.1,77908.6,0.02198768689533861,4.848284960422164,1.53736345646438,1.54172691292876,1.7691945910290234,0.09696569920844327,0.45642040457343636,195,1787346900000,1787358600000
E1,BTC/USD,replay-BTC/USD-5,EMERGENCY,78700.5,76955,0.0341856967044989,-59.67113359770283,2.421388281143174,2.367684260905241,-64.46020613975124,-1.1934226719540566,0,45,1787373300000,1787376000000
E1,BTC/USD,replay-BTC/USD-6,STRUCTURE_INVALIDATION,81170,81206.5,0.04195033080832289,1.5311870745037854,3.064597516540412,3.065975584907465,-4.599386026944091,0.03062374149007571,0.765090133282188,230,1788461700000,1788475500000
E1,BTC/USD,replay-BTC/USD-7,STRUCTURE_INVALIDATION,81090.8,80948.7,0.055488616906588316,-7.884932462426523,4.0496547022638945,4.042558263047711,-15.977145427738128,-0.15769864924853044,0.1316189993024178,115,1788510900000,1788517800000
E1,ETH/USD,replay-ETH/USD-1,STRUCTURE_INVALIDATION,2286.64,2277.07,0.6382319152428012,-6.107879428873422,1.313465964003719,1.3079688725177328,-8.729314265394875,-0.12215758857746845,0.3755356589288652,135,1787220900000,1787229000000
E1,ETH/USD,replay-ETH/USD-2,STRUCTURE_INVALIDATION,2325.08,2315.44,0.9104151493080822,-8.776402039329797,1.9051092498179123,1.8972104879825151,-12.578721777130223,-0.17552804078659592,0.42042971595047507,150,1787243400000,1787252400000
E1,ETH/USD,replay-ETH/USD-4,TRAILING,2412.42,2454.02,0.7121202872896699,29.624203951250205,1.546139901117011,1.5728016846731363,26.505262365460055,0.592484079025004,1.8461006327697387,600,1787339400000,1787375400000
E1,ETH/USD,replay-ETH/USD-3,TRAILING,2419.47,2454.02,0.7121202872896699,24.603755925858223,1.5506583043398636,1.5728016846731363,21.480295936845224,0.49207511851716446,1.7456916722618991,610,1787338800000,1787375400000
E1,ETH/USD,replay-ETH/USD-5,STRUCTURE_INVALIDATION,2514.71,2508.42,1.2926099641762339,-8.130516674668463,2.9254852827122555,2.9181678177050534,-13.974169775085773,-0.16261033349336929,0.024818111312184633,85,1788499200000,1788504300000
E1,ETH/USD,replay-ETH/USD-7,TIME_EFFICIENCY,2530.56,2522.19,1.434367443957211,-12.005655505921698,3.2667775910823234,3.255972501126994,-18.528405598131016,-0.240113110118434,0.2432687184951435,200,1788512700000,1788524700000
E1,ETH/USD,replay-ETH/USD-6,TIME_EFFICIENCY,2515,2522.19,1.5342129487572838,11.030991101564954,3.4726910095121117,3.48261890150352,4.075681190549323,0.22061982203129907,0.737649585762501,245,1788510000000,1788524700000
E1,SOL/USD,replay-SOL/USD-1,PROFIT,82.14,86.99,32.080659945004676,155.5912007332725,2.371594867094416,2.511626947754361,150.70797891842372,3.11182401466545,3.11182401466545,165,1787165100000,1787175000000
E1,SOL/USD,replay-SOL/USD-2,STRUCTURE_INVALIDATION,85.64,84.7,19.12568306010932,-17.978142076502717,1.474131147540986,1.4579508196721336,-20.91022404371584,-0.35956284153005436,0,50,1787186400000,1787189400000
E1,SOL/USD,replay-SOL/USD-4,STRUCTURE_INVALIDATION,87.79,86.92,23.411371237458145,-20.367892976588692,1.8497558528428055,1.8314247491638758,-24.049073578595372,-0.4073578595317739,0,40,1787226600000,1787229000000
E1,SOL/USD,replay-SOL/USD-3,STRUCTURE_INVALIDATION,87.57,86.92,21.861336664584606,-14.209868831979808,1.7229575265459063,1.7101686445971245,-17.642995003122838,-0.28419737663959616,0.17926296064959849,195,1787217300000,1787229000000
E1,SOL/USD,replay-SOL/USD-6,STRUCTURE_INVALIDATION,87.46,86.83,29.560810810810732,-18.623310810810626,2.326849662162156,2.310088682432426,-23.26024915540521,-0.3724662162162125,0.17736486486487113,135,1787244300000,1787252400000
E1,SOL/USD,replay-SOL/USD-5,STRUCTURE_INVALIDATION,87.28,86.83,29.560810810810732,-13.302364864864913,2.3220608108108047,2.310088682432426,-17.934514358108142,-0.26604729729729826,0.2837837837837854,170,1787242200000,1787252400000
E1,SOL/USD,replay-SOL/USD-8,STRUCTURE_INVALIDATION,87.74,87.22,29.166666666666703,-15.16666666666657,2.3031750000000026,2.2895250000000025,-19.759366666666573,-0.3033333333333314,0,110,1787260200000,1787266800000
E1,SOL/USD,replay-SOL/USD-7,STRUCTURE_INVALIDATION,87.39,87.22,28.271405492730217,-4.806138933764185,2.2235743134087245,2.2192487883683367,-9.248962035541245,-0.09612277867528371,0.20355411954765723,200,1787254800000,1787266800000
E1,SOL/USD,replay-SOL/USD-9,MFE_GIVEBACK,90.45,91.35,30.224525043177895,27.20207253885985,2.4604274611398966,2.4849093264248703,22.256735751295082,0.544041450777197,1.6925734024179604,195,1787291400000,1787303100000
E1,SOL/USD,replay-SOL/USD-10,TIME_EFFICIENCY,91.47,91.79,16.50943396226415,5.283018867924651,1.3591061320754716,1.3638608490566038,2.560051886792575,0.105660377358493,0.18490566037735923,205,1787323500000,1787335800000
E1,SOL/USD,replay-SOL/USD-12,MFE_GIVEBACK,92.4,93.17,17.61449421238048,13.5631605435329,1.464821338701561,1.4770281831907406,10.621311021640597,0.271263210870658,0.8595873175641667,170,1787347200000,1787357400000
E1,SOL/USD,replay-SOL/USD-11,MFE_GIVEBACK,92.24,93.17,17.61449421238048,16.381479617513968,1.462284851534978,1.4770281831907406,13.44216658278825,0.3276295923502794,0.915953699043788,175,1787346900000,1787357400000
E1,SOL/USD,replay-SOL/USD-13,TRAILING,95.15,95.47,19.863791146424543,6.356413166855718,1.7010357548240658,1.706756526674236,2.9486208853574167,0.12712826333711438,2.7928490351872908,155,1787366100000,1787375400000
E1,SOL/USD,replay-SOL/USD-14,PROFIT,102.02,109.84,19.47690595436839,152.30940456316097,1.7883305509181968,1.9254090150250418,148.5956649972177,3.046188091263219,3.0267111853088515,965,1787810400000,1787868300000
E1,SOL/USD,replay-SOL/USD-16,STRUCTURE_INVALIDATION,109.94,107.86,14.730639730639755,-30.639730639730665,1.457537878787881,1.4299621212121234,-33.52723063973067,-0.6127946127946133,0.002946127946129458,150,1787873400000,1787882400000
E1,SOL/USD,replay-SOL/USD-15,STRUCTURE_INVALIDATION,104.61,107.86,16.517225106182163,53.68098159509203,1.5550802265219443,1.6033931099575274,50.522508258612554,1.0736196319018407,1.7640396413402561,740,1787838000000,1787882400000
E1,SOL/USD,replay-SOL/USD-18,TIME_EFFICIENCY,105.18,104.93,21.91609267376331,-5.479023168440827,2.0746211646837827,2.0696900438321855,-9.623334376956795,-0.10958046336881655,0.2103944896681233,195,1788461700000,1788473400000
E1,SOL/USD,replay-SOL/USD-17,TIME_EFFICIENCY,104.97,104.93,21.91609267376331,-0.876643706950358,2.070479023168441,2.0696900438321855,-5.016812773950985,-0.01753287413900716,0.3024420788979327,200,1788461400000,1788473400000
E1,SOL/USD,replay-SOL/USD-19,STRUCTURE_INVALIDATION,104.29,103.69,23.14814814814816,-13.888888888889094,2.1727083333333344,2.160208333333334,-18.22180555555576,-0.2777777777777819,0,60,1788496200000,1788499800000
E1,SOL/USD,replay-SOL/USD-20,TIME_EFFICIENCY,105.99,106.76,28.5248573757131,21.964140179299378,2.7210146699266478,2.7407823960880178,16.502343113284713,0.4392828035859876,0.5819070904645531,195,1788686400000,1788698100000
E1,SOL/USD,replay-SOL/USD-21,STRUCTURE_INVALIDATION,107.13,106.27,26.138909634055263,-22.47946228528751,2.520235250186706,2.5000037341299475,-27.499701269604163,-0.4495892457057502,0,110,1788699300000,1788705900000
E1,XRP/USD,replay-XRP/USD-1,TIME_EFFICIENCY,1.29684,1.30794,771.1051478979674,8.559267141667522,0.9,0.9077033404275008,6.751563801240021,0.17118534283335046,0.3499275161160991,280,1787279400000,1787296200000
E1,XRP/USD,replay-XRP/USD-2,MFE_GIVEBACK,1.36499,1.38959,942.1772369979512,23.177560030149767,1.15745625605685,1.1783160600839848,20.84178771400893,0.4635512006029954,1.1522827608484951,45,1787304300000,1787307000000
E1,XRP/USD,replay-XRP/USD-3,TIME_EFFICIENCY,1.41154,1.39652,708.4460943366819,-10.640860336936985,0.9,0.8904232256967566,-12.431283562633741,-0.21281720673873972,0.10895900930898131,190,1787319900000,1787331300000
E1,XRP/USD,replay-XRP/USD-4,TIME_EFFICIENCY,1.41849,1.39989,704.9750086359438,-13.11253516062852,0.9,0.8881987183554343,-14.900733878983955,-0.2622507032125704,0.006203780075996248,195,1787320200000,1787331900000
E1,XRP/USD,replay-XRP/USD-5,PROFIT,1.45424,1.67951,687.6444053251183,154.90565518758947,0.9,1.0394150896688306,152.96624009792063,3.098113103751789,3.089036197601496,305,1787356800000,1787375100000
E1,XRP/USD,replay-XRP/USD-7,EMERGENCY,1.61324,1.52376,619.8705710247699,-55.46601869529641,0.8999999999999998,0.8500805831742331,-57.216099278470644,-1.1093203739059283,0,35,1787383800000,1787385900000
E1,XRP/USD,replay-XRP/USD-6,EMERGENCY,1.59647,1.51313,626.3819551886348,-52.202672145420806,0.8999999999999999,0.8530175950691211,-53.95568974048992,-1.0440534429084163,0.20119388400658905,65,1787383500000,1787387400000
E1,XRP/USD,replay-XRP/USD-8,STRUCTURE_INVALIDATION,1.47409,1.44627,1246.0393748442457,-34.66481540816686,1.6530967638577385,1.6218984299903882,-37.93981060201499,-0.6932963081633372,0,75,1788470100000,1788474600000
E1,XRP/USD,replay-XRP/USD-9,STRUCTURE_INVALIDATION,1.45547,1.44788,1247.0605002494135,-9.46518919689303,1.6335532316682124,1.6250345613910087,-12.723776989952253,-0.1893037839378606,0.020202380104039935,60,1788496200000,1788499800000
E1,XRP/USD,replay-XRP/USD-10,STRUCTURE_INVALIDATION,1.45437,1.44553,1724.3927674040492,-15.243632063851724,2.257114598216484,2.2433953293590174,-19.744141991427227,-0.30487264127703445,0.01793368478100473,55,1788514500000,1788517800000
E1,XRP/USD,replay-XRP/USD-11,STRUCTURE_INVALIDATION,1.4436,1.42893,2089.053360391543,-30.646412796943853,2.714181687955108,2.6865999164378587,-36.04719440133682,-0.612928255938877,0,85,1788941100000,1788946200000
E0,ETH/USD,replay-ETH/USD-1,STRUCTURE_INVALIDATION,1754.21,1752.55,2.098572970380145,-3.4836311308312125,3.313203921333499,3.3100686533157506,-10.106903705480462,-0.06967262261662424,0.24721189591077575,140,1783139100000,1783147500000
E0,ETH/USD,replay-ETH/USD-2,STRUCTURE_INVALIDATION,1788.25,1784.81,2.259959966423457,-7.774262284496816,3.6372360689610725,3.630239232905025,-15.041737586362913,-0.1554852456899363,0.4967392006198763,75,1783292400000,1783296900000
E0,SOL/USD,replay-SOL/USD-1,TIME_EFFICIENCY,73.86,74.16,47.10632570659484,14.131897711978317,3.131345895020185,3.144064602960966,7.856487213997165,0.28263795423956634,0.5841184387617803,185,1782053700000,1782064800000
E0,SOL/USD,replay-SOL/USD-2,TIME_EFFICIENCY,74,74.37,46.419098143236035,17.175066312997544,3.09151193633952,3.1069694960212173,10.976584880636807,0.3435013262599509,0.44562334217506966,185,1782060300000,1782071400000
E0,SOL/USD,replay-SOL/USD-3,STRUCTURE_INVALIDATION,81.52,80.7,31.992687385740368,-26.234003656306882,2.3472394881169993,2.323628884826323,-30.904872029250203,-0.5246800731261376,0.03199268738573855,70,1783043400000,1783047600000
E0,SOL/USD,replay-SOL/USD-4,TIME_EFFICIENCY,81.21,80.89,40.603248259860834,-12.99303944315519,2.9676508120649685,2.9559570765661287,-18.916647331786287,-0.2598607888631038,0.07308584686775227,185,1783058700000,1783069800000
E0,XRP/USD,replay-XRP/USD-1,STRUCTURE_INVALIDATION,1.17642,1.16735,2148.4255110183553,-19.48621938493629,2.2747056657049924,2.2571680682585495,-24.018093118899834,-0.3897243876987258,0.18261616843656395,135,1783187100000,1783195200000
E0,ETH/USD,replay-ETH/USD-1,STRUCTURE_INVALIDATION,1881.96,1922.08,2.0891780576613175,83.81782367337183,3.5385745836566636,3.6140106249626984,76.66523846475246,1.6763564734674368,2.3632782188264803,560,1784116500000,1784150100000
E0,ETH/USD,replay-ETH/USD-2,STRUCTURE_INVALIDATION,1926.23,1917.79,1.8222523038475518,-15.379809444473436,3.1590693497162428,3.1452275212162166,-21.684106315405895,-0.3075961888894687,0,60,1784171700000,1784175300000
E0,ETH/USD,replay-ETH/USD-3,TIME_EFFICIENCY,1913.22,1928.35,1.6169269149034444,24.464104222488924,2.784183220918411,2.806200914718651,18.87372008685186,0.4892820844497785,0.5765961378545659,195,1784602500000,1784614200000
E0,ETH/USD,replay-ETH/USD-4,TIME_EFFICIENCY,1952.42,1942.51,2.5152712899748497,-24.926338483650966,4.419779374775427,4.39734567014014,-33.74346352856654,-0.49852676967301934,0.05282069708946955,185,1785109500000,1785120600000
E0,SOL/USD,replay-SOL/USD-1,STRUCTURE_INVALIDATION,78.54,78.1,59.72696245733789,-26.279863481229384,4.221860068259386,4.19820819112628,-34.69993174061505,-0.5255972696245876,0,95,1784639400000,1784645100000
E0,BTC/USD,replay-BTC/USD-1,TIME_EFFICIENCY,68766.7,69335.7,0.04094525035095925,23.297847449695812,2.5341027725783785,2.5550708352831046,18.20867384183433,0.46595694899391626,0.8635353299017307,185,1787171100000,1787182200000
E0,BTC/USD,replay-BTC/USD-2,PROFIT,72685.4,76868.5,0.036351173104286365,152.0605922125405,2.377979601798866,2.514834134790153,147.16777847595148,3.0412118442508103,3.0412118442508103,660,1787260500000,1787300100000
E0,BTC/USD,replay-BTC/USD-3,TRAILING,75305.7,77563.7,0.03561434749427632,80.41719664207592,2.4137670312897517,2.4861425082676196,75.51728710251855,1.6083439328415186,2.8176647163571675,245,1787289300000,1787304000000
E0,BTC/USD,replay-BTC/USD-4,TIME_EFFICIENCY,77688.1,78057.1,0.02198768689533861,8.113456464379947,1.53736345646438,1.544665567282322,5.031427440633245,0.16226912928759896,0.45642040457343636,185,1787346900000,1787358000000
E0,BTC/USD,replay-BTC/USD-5,EMERGENCY,78700.5,76955,0.0341856967044989,-59.67113359770283,2.421388281143174,2.367684260905241,-64.46020613975124,-1.1934226719540566,0,45,1787373300000,1787376000000
E0,BTC/USD,replay-BTC/USD-6,TIME_EFFICIENCY,81170,81607.8,0.04195033080832289,18.365854827883883,3.064597516540412,3.081126785885507,12.220130525457964,0.36731709655767764,0.765090133282188,185,1788461700000,1788472800000
E0,BTC/USD,replay-BTC/USD-7,STRUCTURE_INVALIDATION,81090.8,80948.7,0.055488616906588316,-7.884932462426523,4.0496547022638945,4.042558263047711,-15.977145427738128,-0.15769864924853044,0.1316189993024178,115,1788510900000,1788517800000
E0,ETH/USD,replay-ETH/USD-1,STRUCTURE_INVALIDATION,2286.64,2277.07,0.6382319152428012,-6.107879428873422,1.313465964003719,1.3079688725177328,-8.729314265394875,-0.12215758857746845,0.3755356589288652,135,1787220900000,1787229000000
E0,ETH/USD,replay-ETH/USD-2,STRUCTURE_INVALIDATION,2325.08,2315.44,0.9104151493080822,-8.776402039329797,1.9051092498179123,1.8972104879825151,-12.578721777130223,-0.17552804078659592,0.42042971595047507,150,1787243400000,1787252400000
E0,ETH/USD,replay-ETH/USD-4,TRAILING,2412.42,2454.02,0.7121202872896699,29.624203951250205,1.546139901117011,1.5728016846731363,26.505262365460055,0.592484079025004,1.8461006327697387,600,1787339400000,1787375400000
E0,ETH/USD,replay-ETH/USD-3,TRAILING,2419.47,2454.02,0.7121202872896699,24.603755925858223,1.5506583043398636,1.5728016846731363,21.480295936845224,0.49207511851716446,1.7456916722618991,610,1787338800000,1787375400000
E0,ETH/USD,replay-ETH/USD-5,STRUCTURE_INVALIDATION,2514.71,2508.42,1.2926099641762339,-8.130516674668463,2.9254852827122555,2.9181678177050534,-13.974169775085773,-0.16261033349336929,0.024818111312184633,85,1788499200000,1788504300000
E0,ETH/USD,replay-ETH/USD-6,TIME_EFFICIENCY,2515,2524.63,1.5342129487572838,14.77447069653281,3.4726910095121117,3.4859880331389914,7.815791653881707,0.2954894139306562,0.737649585762501,185,1788510000000,1788521100000
E0,ETH/USD,replay-ETH/USD-7,TIME_EFFICIENCY,2530.56,2524.22,1.434367443957211,-9.093889594688926,3.2667775910823234,3.2585930904471034,-15.619260276218354,-0.18187779189377853,0.2432687184951435,185,1788512700000,1788523800000
E0,SOL/USD,replay-SOL/USD-1,PROFIT,82.14,86.99,32.080659945004676,155.5912007332725,2.371594867094416,2.511626947754361,150.70797891842372,3.11182401466545,3.11182401466545,165,1787165100000,1787175000000
E0,SOL/USD,replay-SOL/USD-2,STRUCTURE_INVALIDATION,85.64,84.7,19.12568306010932,-17.978142076502717,1.474131147540986,1.4579508196721336,-20.91022404371584,-0.35956284153005436,0,50,1787186400000,1787189400000
E0,SOL/USD,replay-SOL/USD-3,TIME_EFFICIENCY,87.57,86.73,21.861336664584606,-18.363522798250834,1.7229575265459063,1.7064303560274805,-21.79291068082422,-0.3672704559650167,0.17926296064959849,185,1787217300000,1787228400000
E0,SOL/USD,replay-SOL/USD-4,STRUCTURE_INVALIDATION,87.79,86.92,23.411371237458145,-20.367892976588692,1.8497558528428055,1.8314247491638758,-24.049073578595372,-0.4073578595317739,0,40,1787226600000,1787229000000
E0,SOL/USD,replay-SOL/USD-6,STRUCTURE_INVALIDATION,87.46,86.83,29.560810810810732,-18.623310810810626,2.326849662162156,2.310088682432426,-23.26024915540521,-0.3724662162162125,0.17736486486487113,135,1787244300000,1787252400000
E0,SOL/USD,replay-SOL/USD-5,STRUCTURE_INVALIDATION,87.28,86.83,29.560810810810732,-13.302364864864913,2.3220608108108047,2.310088682432426,-17.934514358108142,-0.26604729729729826,0.2837837837837854,170,1787242200000,1787252400000
E0,SOL/USD,replay-SOL/USD-7,TIME_EFFICIENCY,87.39,87.23,28.271405492730217,-4.523424878836738,2.2235743134087245,2.2195032310177716,-8.966502423263234,-0.09046849757673477,0.20355411954765723,185,1787254800000,1787265900000
E0,SOL/USD,replay-SOL/USD-8,STRUCTURE_INVALIDATION,87.74,87.22,29.166666666666703,-15.16666666666657,2.3031750000000026,2.2895250000000025,-19.759366666666573,-0.3033333333333314,0,110,1787260200000,1787266800000
E0,SOL/USD,replay-SOL/USD-9,TRAILING,90.45,91.35,30.224525043177895,27.20207253885985,2.4604274611398966,2.4849093264248703,22.256735751295082,0.544041450777197,1.6925734024179604,195,1787291400000,1787303100000
E0,SOL/USD,replay-SOL/USD-10,TIME_EFFICIENCY,91.47,91.77,16.50943396226415,4.952830188679198,1.3591061320754716,1.363563679245283,2.2301603773584437,0.09905660377358395,0.18490566037735923,185,1787323500000,1787334600000
E0,SOL/USD,replay-SOL/USD-12,TIME_EFFICIENCY,92.4,93.66,17.61449421238048,22.194262707599247,1.464821338701561,1.4847961751384002,19.244645193759286,0.44388525415198493,0.8595873175641667,190,1787347200000,1787358600000
E0,SOL/USD,replay-SOL/USD-11,TIME_EFFICIENCY,92.24,93.57,17.61449421238048,23.42727730246601,1.462284851534978,1.4833694011071974,20.481623049823835,0.4685455460493202,0.915953699043788,210,1787346900000,1787359500000
E0,SOL/USD,replay-SOL/USD-13,TRAILING,95.15,100.09,19.863791146424543,98.1271282633372,1.7010357548240658,1.7893501702610692,94.63674233825206,1.962542565266744,2.7928490351872908,135,1787366100000,1787374200000
E0,SOL/USD,replay-SOL/USD-15,TRAILING,104.61,107.14,16.517225106182163,41.788579518640894,1.5550802265219443,1.5926899480887213,38.64080934403023,0.8357715903728179,1.5823501651722531,280,1787838000000,1787854800000
E0,SOL/USD,replay-SOL/USD-14,TRAILING,102.02,107.14,19.47690595436839,99.72175848636626,1.7883305509181968,1.8780801335559263,96.05534780189213,1.994435169727325,2.8747913188647782,740,1787810400000,1787854800000
E0,SOL/USD,replay-SOL/USD-17,STRUCTURE_INVALIDATION,109.97,107.86,15.086206896551749,-31.83189655172418,1.4931271551724161,1.4644784482758644,-34.78950215517246,-0.6366379310344836,0,80,1787877600000,1787882400000
E0,SOL/USD,replay-SOL/USD-16,STRUCTURE_INVALIDATION,109.94,107.86,14.730639730639755,-30.639730639730665,1.457537878787881,1.4299621212121234,-33.52723063973067,-0.6127946127946133,0.002946127946129458,150,1787873400000,1787882400000
E0,SOL/USD,replay-SOL/USD-18,TIME_EFFICIENCY,104.97,105.33,21.91609267376331,7.889793362554779,2.070479023168441,2.0775798371947403,3.7417345021915978,0.15779586725109557,0.3024420788979327,185,1788461400000,1788472500000
E0,SOL/USD,replay-SOL/USD-19,TIME_EFFICIENCY,105.18,105.22,21.91609267376331,0.876643706950358,2.0746211646837827,2.075410144020038,-3.2733876017534627,0.01753287413900716,0.2103944896681233,185,1788461700000,1788472800000
E0,SOL/USD,replay-SOL/USD-20,STRUCTURE_INVALIDATION,104.29,103.69,23.14814814814816,-13.888888888889094,2.1727083333333344,2.160208333333334,-18.22180555555576,-0.2777777777777819,0,60,1788496200000,1788499800000
E0,SOL/USD,replay-SOL/USD-21,TIME_EFFICIENCY,105.99,106.55,28.5248573757131,15.973920130399401,2.7210146699266478,2.7353911980440078,10.517514262428746,0.319478402607988,0.5819070904645531,185,1788686400000,1788697500000
E0,SOL/USD,replay-SOL/USD-22,STRUCTURE_INVALIDATION,107.13,106.27,26.138909634055263,-22.47946228528751,2.520235250186706,2.5000037341299475,-27.499701269604163,-0.4495892457057502,0,110,1788699300000,1788705900000
E0,XRP/USD,replay-XRP/USD-1,TIME_EFFICIENCY,1.29684,1.306,771.1051478979674,7.063323154745426,0.9,0.9063569908392709,5.256966163906155,0.1412664630949085,0.3499275161160991,185,1787279400000,1787290500000
E0,XRP/USD,replay-XRP/USD-2,BREAK_EVEN,1.36499,1.36476,942.1772369979512,-0.216700764509484,1.15745625605685,1.1572612253687915,-2.5314182459351255,-0.00433401529018968,1.1522827608484951,145,1787304300000,1787313000000
E0,XRP/USD,replay-XRP/USD-3,TIME_EFFICIENCY,1.41154,1.39153,708.4460943366819,-14.176006347677063,0.9,0.8872415942870906,-15.963247941964154,-0.2835201269535413,0.10895900930898131,185,1787319900000,1787331000000
E0,XRP/USD,replay-XRP/USD-4,TIME_EFFICIENCY,1.41849,1.39652,704.9750086359438,-15.488300939731717,0.9,0.8860605291542414,-17.27436146888596,-0.30976601879463433,0.006203780075996248,185,1787320200000,1787331300000
E0,XRP/USD,replay-XRP/USD-5,PROFIT,1.45424,1.67951,687.6444053251183,154.90565518758947,0.9,1.0394150896688306,152.96624009792063,3.098113103751789,3.089036197601496,305,1787356800000,1787375100000
E0,XRP/USD,replay-XRP/USD-7,EMERGENCY,1.61324,1.52376,619.8705710247699,-55.46601869529641,0.8999999999999998,0.8500805831742331,-57.216099278470644,-1.1093203739059283,0,35,1787383800000,1787385900000
E0,XRP/USD,replay-XRP/USD-6,EMERGENCY,1.59647,1.51313,626.3819551886348,-52.202672145420806,0.8999999999999999,0.8530175950691211,-53.95568974048992,-1.0440534429084163,0.20119388400658905,65,1787383500000,1787387400000
E0,XRP/USD,replay-XRP/USD-8,STRUCTURE_INVALIDATION,1.47409,1.44627,1246.0393748442457,-34.66481540816686,1.6530967638577385,1.6218984299903882,-37.93981060201499,-0.6932963081633372,0,75,1788470100000,1788474600000
E0,XRP/USD,replay-XRP/USD-9,STRUCTURE_INVALIDATION,1.45547,1.44788,1247.0605002494135,-9.46518919689303,1.6335532316682124,1.6250345613910087,-12.723776989952253,-0.1893037839378606,0.020202380104039935,60,1788496200000,1788499800000
E0,XRP/USD,replay-XRP/USD-10,STRUCTURE_INVALIDATION,1.45437,1.44553,1724.3927674040492,-15.243632063851724,2.257114598216484,2.2433953293590174,-19.744141991427227,-0.30487264127703445,0.01793368478100473,55,1788514500000,1788517800000
E0,XRP/USD,replay-XRP/USD-11,STRUCTURE_INVALIDATION,1.4436,1.42893,2089.053360391543,-30.646412796943853,2.714181687955108,2.6865999164378587,-36.04719440133682,-0.612928255938877,0,85,1788941100000,1788946200000