lotId,pair,signalId,policyVersion,entryStrategyId,setupTag,openedAt,closedAt,holdTimeMinutes,entryPrice,exitPrice,amount,notionalUsd,entryFee,exitFee,totalFees,riskUsd,initialStopPrice,initialStopDistanceUsd,initialStopDistancePct,exitReason,grossPnlUsd,netPnlUsd,rMultiple,mfeUsd,maeUsd,mfeR,maeR,highestPrice,breakEvenActivated,trailingActivated,regimeAtEntry,directionAtEntry,macroAtEntry,signalConfidence,marketContextId,executionMode,v4QualityScore,v4Threshold,v4Accepted,impulseScore,retracementScore,structureScore,reclaimScore,resumptionScore,v4RejectReason,adx,atrPct,spreadPct,volumeRatio,volatility,dataHealth
spot-XRP/USD-mub53tsf-dlrq,XRP/USD,intent-XRP/USD-mub53ts7-sfwses,SPOT-1.0.0-20260812,SPOT_CANONICAL_V4,BREAKOUT_RETEST,2026-09-21T11:06:24.785Z,2026-09-21T14:06:25.954Z,180,1.4955374,1.475152055,1276.16130679,1907.5421133231243,1.71769226,1.69427878,3.41197104,50,1.45557,0.03918,2.61979406198735,TIME_EFFICIENCY,-26.01498851,-29.42695955,-0.588539191,2.19831547,29.00382848,0.044,0.5801,1.4955374,false,false,1.314588645819353,TREND,BULLISH,0.95,mc-XRP/USD-mub53tpp-jze2yj,SHADOW,,,,,,,,,,0.03917999999999999,36.93966517713234,NaN,0.008697252002874339,BULLISH,0.7312595176930355
spot-XRP/USD-mub52mxr-kacg,XRP/USD,intent-XRP/USD-mub52mxi-mmeibv,SPOT-1.0.0-20260812,SPOT_CANONICAL_V4,BREAKOUT_RETEST,2026-09-21T11:05:29.249Z,2026-09-21T14:06:25.970Z,181,1.49278602,1.475152055,1276.16130679,1904.1347626339973,1.71453218,1.69427878,3.4088109600000003,50,1.4529,0.03918,2.6246226502040795,TIME_EFFICIENCY,-22.50378382,-25.91259478,-0.5182518956,5.70952016,25.49262379,0.1142,0.5099,1.49278602,false,false,1.314588645819353,TREND,BULLISH,0.95,mc-XRP/USD-mub52l0n-k2njvf,SHADOW,,,,,,,,,,0.03917999999999999,36.93966517713234,NaN,0.003351172742908451,BULLISH,0.7312595176930355
spot-ETH/USD-mub9651f-dv29,ETH/USD,intent-ETH/USD-mub9650u-sdy4ds,SPOT-1.0.0-20260812,SPOT_CANONICAL_V4,PULLBACK_CONTINUATION,2026-09-21T13:00:11.141Z,2026-09-21T16:01:04.669Z,181,2737.841106,2755.543089,0.83498342,2285.458167330682,2.05744674,2.07074951,4.12819625,50,2677.24857143,59.88142857,2.187176912450083,TIME_EFFICIENCY,14.78086231,10.65266605,0.21305332100000002,22.25973449,20.79201065,0.4452,0.4158,2737.841106,false,false,1.0938725703826353,TREND,BULLISH,0.95,mc-ETH/USD-mub9650m-gf32ko,SHADOW,,,,,,,,,,59.88142857142845,43.48068684402883,NaN,0.00036536153436366007,BULLISH,1.0865406114768845
spot-XRP/USD-mubcl3ko-16xg,XRP/USD,intent-XRP/USD-mubcl3kh-qefry3,SPOT-1.0.0-20260812,SPOT_CANONICAL_V4,PULLBACK_CONTINUATION,2026-09-21T14:35:47.930Z,2026-09-21T17:36:34.565Z,181,1.49761844,1.497380935,1212.1631918,1813.626445937523,1.63382215,1.63356305,3.2673852,50,1.45494143,0.04124857,2.754277651656052,TIME_EFFICIENCY,-0.28789482,-3.55528002,-0.0711056004,9.85677772,19.61090947,0.1971,0.3922,1.49761844,false,false,1.3844961745825022,TREND,BULLISH,0.95,mc-XRP/USD-mubcl3id-fo8iye,SHADOW,,,,,,,,,,0.0412485714285714,41.633189378274416,NaN,0.036081785380194104,BULLISH,0.641092242640454
spot-ETH/USD-mubcl4q5-kdfh,ETH/USD,intent-ETH/USD-mubcl4px-rtt4k0,SPOT-1.0.0-20260812,SPOT_CANONICAL_V4,PULLBACK_CONTINUATION,2026-09-21T14:35:49.423Z,2026-09-21T17:36:35.520Z,181,2740.781988,2747.565483,0.8168028,2237.8354725787676,2.01481056,2.01979726,4.03460782,50,2678.53571429,61.21428571,2.233460595480241,TIME_EFFICIENCY,5.54077771,1.50616989,0.0301233978,21.51296195,8.80675799,0.4303,0.1761,2740.781988,false,false,1.120598935940966,TREND,BULLISH,0.95,mc-ETH/USD-mubcl4ps-3om9c8,SHADOW,,,,,,,,,,61.21428571428559,44.9946046770106,NaN,0.0003649694976821984,BULLISH,1.8331176242162395
spot-XRP/USD-mubkfrgi-9gp4,XRP/USD,intent-XRP/USD-mubkfrg1-78iffo,SPOT-1.0.0-20260812,SPOT_CANONICAL_V4,PULLBACK_CONTINUATION,2026-09-21T18:15:35.876Z,2026-09-21T21:15:52.302Z,180,1.50929427,1.51740092,1186.72227308,1790.2654867256667,1.61200181,1.62066012,3.23266193,50,1.46644714,0.04213286,2.791560323090606,TIME_EFFICIENCY,9.62034212,6.38768018,0.12775360360000002,33.11635134,13.30822399,0.6623,0.2662,1.50929427,false,false,1.408673373861806,TREND,BULLISH,0.95,mc-XRP/USD-mubkfrfk-cx12ze,SHADOW,,,,,,,,,,0.04213285714285707,43.41655053488155,NaN,0.00928092703202775,BULLISH,1.3007075603022518
spot-XRP/USD-mubkh1r4-l1rh,XRP/USD,intent-XRP/USD-mubkh1qu-fh7mfq,SPOT-1.0.0-20260812,SPOT_CANONICAL_V4,PULLBACK_CONTINUATION,2026-09-21T18:16:35.873Z,2026-09-21T21:17:07.009Z,181,1.50929427,1.5260465950000002,1186.72227308,1790.2654867256667,1.61200181,1.62989414,3.24189595,50,1.46644714,0.04213286,2.791560323090606,TIME_EFFICIENCY,19.8803572,16.63846126,0.3327692252,33.11635134,13.30822399,0.6623,0.2662,1.50929427,false,false,1.408673373861806,TREND,BULLISH,0.95,mc-XRP/USD-mubkh1qj-ctqbec,SHADOW,,,,,,,,,,0.04213285714285707,43.41655053488155,NaN,0.00928092703202775,BULLISH,1.3007075603022518
spot-SOL/USD-mubna0ls-av33,SOL/USD,intent-SOL/USD-mubn7lgl-3kd06x,SPOT-1.0.0-20260812,SPOT_CANONICAL_V4,PULLBACK_CONTINUATION,2026-09-21T19:35:06.642Z,2026-09-21T22:36:06.772Z,181,118.309125,119.190375,16.72240803,1977.090301003344,1.78057212,1.79383508,3.5744072,50,115.24,2.99,2.527277587421934,TIME_EFFICIENCY,14.73662208,11.16221488,0.2232442976,27.10493312,7.00877927,0.5421,0.1402,118.309125,false,false,1.2699626231736327,TREND,BULLISH,0,mc-SOL/USD-mubna0l7-by8h5z,SHADOW,,,,,,,,,,2.990000000000001,50.6103208669146,NaN,0.008457017210034348,BULLISH,0.8521838074046632
spot-SOL/USD-muazca7i-fwpw,SOL/USD,intent-SOL/USD-muazca62-en3oua,SPOT-1.0.0-20260812,SPOT_CANONICAL_V4,PULLBACK_CONTINUATION,2026-09-21T08:25:01.618Z,2026-09-22T01:03:56.291Z,999,113.243963,117.45124500000001,20.7223209,2345.766725873296,2.11200997,2.19047615,4.302486119999999,50,110.78714286,2.41285714,2.130671760401038,TRAILING,87.18464772,82.8821616,1.657643232,138.55020426,0,2.771,0,113.243963,false,false,1.0762074678220985,TREND,BULLISH,0.9,mc-SOL/USD-muazca5m-xjf12q,SHADOW,,,,,,,,,,2.412857142857145,28.907061006700587,NaN,0.008833532087797275,BULLISH,1.0635042835804072
spot-SOL/USD-mubumoli-a25o,SOL/USD,intent-SOL/USD-mubumolb-k1ucoq,SPOT-1.0.0-20260812,SPOT_CANONICAL_V4,PULLBACK_CONTINUATION,2026-09-21T23:00:54.920Z,2026-09-22T01:15:54.054Z,135,119.53974,117.98098000000002,18.93939394,2262.8787878787894,2.0376092,2.01103943,4.04864863,50,116.84,2.64,2.2084705889438947,STRUCTURE_INVALIDATION,-29.5219697,-33.57061833,-0.6714123666,4.73977273,38.06325758,0.0948,0.7613,119.53974,false,false,1.105527638190954,TREND,BULLISH,0.95,mc-SOL/USD-mubumol2-ssvio,SHADOW,,,,,,,,,,2.6399999999999983,55.57925823876146,NaN,0.008369951872781013,BULLISH,0.8795453541927367
spot-TON/USD-mubzhj23-6s8y,TON/USD,intent-TON/USD-mubzhj1l-3mioiu,SPOT-1.0.0-20260812,SPOT_CANONICAL_V4,PULLBACK_CONTINUATION,2026-09-22T01:16:52.541Z,2026-09-22T02:15:10.979Z,58,1.460438,1.4455662,1666.66666667,2433.333333333331,2.190657,2.1683493,4.3590063,50,1.43,0.03,2.054178267067825,STRUCTURE_INVALIDATION,-24.78633333,-29.14533963,-0.5829067926,2.60333333,24.06333333,0.0521,0.4813,1.460438,false,false,1.0330578512396704,TREND,BULLISH,0.8500000000000001,mc-TON/USD-mubzhiof-8c1qi1,SHADOW,,,,,,,,,,0.030000000000000027,41.85867954294998,NaN,0.06851661527919767,NEUTRAL,1.8248131632352427
spot-TON/USD-mubzgejr-o5n,TON/USD,intent-TON/USD-mubzgeji-rips2s,SPOT-1.0.0-20260812,SPOT_CANONICAL_V4,PULLBACK_CONTINUATION,2026-09-22T01:16:00.052Z,2026-09-22T02:15:10.996Z,59,1.4644392,1.4455662,1666.66666667,2433.333333333331,2.1966588,2.1683493,4.3650081,50,1.43,0.03,2.04856575814141,STRUCTURE_INVALIDATION,-31.455,-35.8200081,-0.716400162,0,30.732,0,0.6146,1.4644392,false,false,1.0330578512396704,TREND,BULLISH,0.8500000000000001,mc-TON/USD-mubzgbu3-7x9y31,SHADOW,,,,,,,,,,0.030000000000000027,41.85867954294998,NaN,0.06832934745472428,NEUTRAL,1.8248131632352427
spot-ETH/USD-mucgr8g5-2ehg,ETH/USD,intent-ETH/USD-mucgowq0-9ns072,SPOT-1.0.0-20260812,SPOT_CANONICAL_V4,BREAKOUT_RETEST,2026-09-22T09:20:18.824Z,2026-09-22T12:20:19.929Z,180,2742.682558,2740.9374720000005,1.17976203,3234.612532443445,2.91214146,2.91028856,5.8224300200000005,50,2699.36857143,42.38142857,1.5452546065303705,TIME_EFFICIENCY,-2.0587862,-7.88121622,-0.1576243244,11.20472145,7.97820915,0.2241,0.1596,2742.682558,false,false,0.7710508820289838,TREND,BULLISH,0,mc-ETH/USD-mucgr8fj-2fqyzn,SHADOW,,,,,,,,,,42.381428571428714,43.21809911922515,NaN,0.00036471658786545164,BULLISH,1.2853790308987163
spot-XRP/USD-mucgy72z-a3nz,XRP/USD,intent-XRP/USD-mucgy72q-bi8i6x,SPOT-1.0.0-20260812,SPOT_CANONICAL_V4,BREAKOUT_RETEST,2026-09-22T09:25:43.645Z,2026-09-22T12:26:13.768Z,181,1.53620072,1.5346994520000001,1005.3715566,1543.868669749804,1.39000726,1.38864886,2.77865612,50,1.48588714,0.04973286,3.2373933531290104,TIME_EFFICIENCY,-1.50933215,-4.28798827,-0.0857597654,8.91692184,13.79442162,0.1783,0.2759,1.53620072,false,false,1.6089256482519656,TREND,BULLISH,0.95,mc-XRP/USD-mucgy6zv-adxhp0,SHADOW,,,,,,,,,,0.04973285714285721,39.912950400889486,NaN,0.008465332834107837,BULLISH,1.1553631458601195
spot-XRP/USD-mucgzhd6-ius,XRP/USD,intent-XRP/USD-mucgzhd0-p7hw62,SPOT-1.0.0-20260812,SPOT_CANONICAL_V4,BREAKOUT_RETEST,2026-09-22T09:26:43.628Z,2026-09-22T12:27:13.797Z,181,1.53739108,1.535519206,1005.3715566,1543.9792606210303,1.39108434,1.3893906,2.78047494,50,1.48599714,0.04973286,3.2348867277153706,TIME_EFFICIENCY,-1.88192888,-4.66240382,-0.09324807639999999,7.72016775,14.99117571,0.1544,0.2998,1.53739108,false,false,1.6089256482519656,TREND,BULLISH,0.95,mc-XRP/USD-mucgzhav-9z31nc,SHADOW,,,,,,,,,,0.04973285714285721,39.912950400889486,NaN,0.01236307085665751,BULLISH,1.1553631458601195
spot-ETH/USD-muchhfgt-43s7,ETH/USD,intent-ETH/USD-muchhe7d-9vtrea,SPOT-1.0.0-20260812,SPOT_CANONICAL_V4,PULLBACK_CONTINUATION,2026-09-22T09:40:41.058Z,2026-09-22T12:40:53.609Z,180,2742.412477,2747.8453990000003,1.17976203,3234.6243300636966,2.91185469,2.9176233,5.82947799,50,2699.37857143,42.38142857,1.5454067878352933,TIME_EFFICIENCY,6.40955509,0.5800771,0.011601542,11.52335276,7.3410421,0.2305,0.1468,2742.412477,false,false,0.7710508820289838,TREND,BULLISH,0.95,mc-ETH/USD-muchhe79-nrfjtz,SHADOW,,,,,,,,,,42.381428571428714,43.21809911922515,NaN,0.00036475250631362073,BULLISH,1.4101389574307421
spot-XRP/USD-mucnlrl8-dv1m,XRP/USD,intent-XRP/USD-mucnlrkk-29bj98,SPOT-1.0.0-20260812,SPOT_CANONICAL_V4,PULLBACK_CONTINUATION,2026-09-22T12:32:01.006Z,2026-09-22T14:32:39.024Z,121,1.54374298,1.538798222,1086.48413733,1675.9235115167303,1.50952704,1.50469187,3.0142189100000003,50,1.4965,0.04602,2.98106618758519,BREAK_EVEN,-5.37240113,-8.38662004,-0.16773240080000001,54.69037375,6.42435897,1.0938,0.1285,1.54374298,false,false,1.4964783007394609,TREND,BULLISH,0.95,mc-XRP/USD-mucnlrhz-cw78m4,SHADOW,,,,,,,,,,0.04602000000000005,38.46100601930188,NaN,0.010368066355620657,BULLISH,1.5527991825447123
spot-XRP/USD-mucnkkq4-tvl,XRP/USD,intent-XRP/USD-mucnkkpw-uluo4g,SPOT-1.0.0-20260812,SPOT_CANONICAL_V4,PULLBACK_CONTINUATION,2026-09-22T12:31:05.454Z,2026-09-22T14:32:39.045Z,122,1.5414523,1.538798222,1086.48413733,1674.4893524554525,1.50728712,1.50469187,3.0119789900000002,50,1.49518,0.04602,2.9854962102946683,BREAK_EVEN,-2.88361365,-5.89559264,-0.11791185280000001,57.17916123,3.93557149,1.1436,0.0787,1.5414523,false,false,1.4964783007394609,TREND,BULLISH,0.95,mc-XRP/USD-mucnkiss-db0dzq,SHADOW,,,,,,,,,,0.04602000000000005,38.46100601930188,NaN,0.033101084871831325,BULLISH,1.5527991825447123
spot-SOL/USD-mucon9cr-a3d9,SOL/USD,intent-SOL/USD-mucon9b9-767ar7,SPOT-1.0.0-20260812,SPOT_CANONICAL_V4,PULLBACK_CONTINUATION,2026-09-22T13:01:10.303Z,2026-09-22T14:45:47.745Z,105,117.475232,116.35508300000001,20.95808383,2461.3173652694627,2.21585018,2.19472163,4.41057181,50,115.05428571,2.38571429,2.0308232206768486,STRUCTURE_INVALIDATION,-23.47617664,-27.88674845,-0.557734969,8.48316168,27.56474251,0.1697,0.5513,117.475232,false,false,1.0150247982106382,TREND,BULLISH,0.95,mc-SOL/USD-mucon9ar-epuktw,SHADOW,,,,,,,,,,2.385714285714284,32.026442359049234,NaN,0.017031422975386203,BULLISH,0.9182081780213167
spot-SOL/USD-mucolz00-9zh9,SOL/USD,intent-SOL/USD-mucolyzs-2h4ghc,SPOT-1.0.0-20260812,SPOT_CANONICAL_V4,PULLBACK_CONTINUATION,2026-09-22T13:00:10.227Z,2026-09-22T14:45:47.797Z,106,117.465229,116.35508300000001,20.95808383,2461.1077844311394,2.21566151,2.19472163,4.41038314,50,115.04428571,2.38571429,2.030996159723147,STRUCTURE_INVALIDATION,-23.26653293,-27.67691607,-0.5535383214,8.69280539,27.3550988,0.1739,0.5471,117.465229,false,false,1.0150247982106382,TREND,BULLISH,0.95,mc-SOL/USD-mucolylr-em5v8k,SHADOW,,,,,,,,,,2.385714285714284,32.026442359049234,NaN,0.017032873445759013,BULLISH,0.9182081780213167
spot-XRP/USD-mucs6ma0-5to2,XRP/USD,intent-XRP/USD-mucs6m9p-h8ay50,SPOT-1.0.0-20260812,SPOT_CANONICAL_V4,BREAKOUT_RETEST,2026-09-22T14:40:12.362Z,2026-09-22T16:45:37.174Z,125,1.54561355,1.555383245,1073.12586233,1658.5804077878247,1.49277408,1.50220979,2.99498387,50,1.49896714,0.04659286,3.0145219676677915,STRUCTURE_INVALIDATION,10.48411237,7.4891285,0.14978257,42.03053043,4.11388165,0.8406,0.0823,1.54561355,false,false,1.4668724740694392,TREND,BULLISH,0.95,mc-XRP/USD-mucs6m6u-w27guh,SHADOW,,,,,,,,,,0.04659285714285723,39.28871495864813,NaN,0.0019415779203742385,BULLISH,1.6136699273275854
spot-XRP/USD-mucs7wk1-853p,XRP/USD,intent-XRP/USD-mucs7wjv-e9xccm,SPOT-1.0.0-20260812,SPOT_CANONICAL_V4,BREAKOUT_RETEST,2026-09-22T14:41:12.339Z,2026-09-22T16:45:37.195Z,124,1.5497848,1.555383245,1073.12586233,1661.4134600643847,1.49680273,1.50220979,2.99901252,50,1.50160714,0.04659286,3.0064083736012894,STRUCTURE_INVALIDATION,6.00783612,3.0088236,0.060176472,37.55425418,8.5901579,0.7511,0.1718,1.5497848,false,false,1.4668724740694392,TREND,BULLISH,0.95,mc-XRP/USD-mucs7whh-w5i8em,SHADOW,,,,,,,,,,0.04659285714285723,39.28871495864813,NaN,0.01097315771977805,BULLISH,1.6136699273275854
spot-BTC/USD-muct9ams-8owk,BTC/USD,intent-BTC/USD-muct9amj-w1hjln,SPOT-1.0.0-20260812,SPOT_CANONICAL_V4,PULLBACK_CONTINUATION,2026-09-22T15:10:16.855Z,2026-09-22T18:10:27.186Z,180,86244.36555,86463.85306000001,0.04623941,3986.69295707661,3.58910007,3.5982338,7.18733387,50,85137.17142857,1081.32857143,1.2537961924052903,TIME_EFFICIENCY,10.14897296,2.9616391,0.059232782000000005,18.35863872,7.97932922,0.3672,0.1596,86244.36555,false,false,0.6268891232877803,TREND,BULLISH,0.95,mc-BTC/USD-muct9a8q-ujzyh0,SHADOW,,,,,,,,,,1081.3285714285719,40.58519061142145,NaN,0.0001159844557699898,BULLISH,1.0014357379623662
spot-ETH/USD-muczw3lo-jj25,ETH/USD,intent-ETH/USD-muczw3lg-7jb6s6,SPOT-1.0.0-20260812,SPOT_CANONICAL_V4,PULLBACK_CONTINUATION,2026-09-22T18:15:58.525Z,2026-09-22T21:16:42.407Z,181,2755.086278,2746.745729,1.20515116,3318.0944838509736,2.98826588,2.97921942,5.9674853,50,2711.77142857,41.48857143,1.5058900972102334,TIME_EFFICIENCY,-10.0516223,-16.0191076,-0.32038215200000003,9.6939009,11.83009882,0.1939,0.2366,2755.086278,false,false,0.7532748599897496,TREND,BULLISH,0.95,mc-ETH/USD-muczw37j-x00tbw,SHADOW,,,,,,,,,,41.48857142857144,32.42514941419586,NaN,0.00036307458823595773,BULLISH,0.8104177738867466
spot-ETH/USD-muczxdy7-k5gg,ETH/USD,intent-ETH/USD-muczxdwr-tpo8gm,SPOT-1.0.0-20260812,SPOT_CANONICAL_V4,PULLBACK_CONTINUATION,2026-09-22T18:16:58.595Z,2026-09-22T21:17:42.404Z,181,2756.236623,2748.325255,1.20515116,3320.902486054679,2.98951359,2.98093263,5.9704462199999995,50,2714.10142857,41.48857143,1.5052615977811858,TIME_EFFICIENCY,-9.53439432,-15.50484054,-0.3100968108,8.30756129,13.21643843,0.1662,0.2643,2756.236623,false,false,0.7532748599897496,TREND,BULLISH,0.95,mc-ETH/USD-muczxdwd-roamm2,SHADOW,,,,,,,,,,41.48857142857144,32.42514941419586,NaN,0.00036292305485994007,BULLISH,0.8104177738867466
spot-XRP/USD-mudej65b-3soc,XRP/USD,intent-XRP/USD-mudej652-ho2m5h,SPOT-1.0.0-20260812,SPOT_CANONICAL_V4,PULLBACK_CONTINUATION,2026-09-23T01:05:49.537Z,2026-09-23T04:06:06.063Z,180,1.5911372,1.6105167,901.01686189,1432.8600849530153,1.2902773,1.30599243,2.5962697300000004,50,1.53477714,0.05549286,3.487622563283669,TIME_EFFICIENCY,17.46125627,14.86498654,0.2972997308,26.93391685,13.85511649,0.5387,0.2771,1.5911372,false,false,1.7497684693028173,TREND,BULLISH,0.95,mc-XRP/USD-mudej64s-phxre,SHADOW,,,,,,,,,,0.05549285714285727,37.476227325672255,NaN,0.027665300168506574,BULLISH,0.9584884391129451
spot-XRP/USD-mudekgho-3271,XRP/USD,intent-XRP/USD-mudekgfw-be9whr,SPOT-1.0.0-20260812,SPOT_CANONICAL_V4,PULLBACK_CONTINUATION,2026-09-23T01:06:49.598Z,2026-09-23T04:07:06.042Z,180,1.5911372,1.612826007,901.01686189,1432.8600849530153,1.2902773,1.30786508,2.59814238,50,1.53477714,0.05549286,3.487622563283669,TIME_EFFICIENCY,19.54198082,16.94383844,0.3388767688,26.93391685,13.85511649,0.5387,0.2771,1.5911372,false,false,1.7497684693028173,TREND,BULLISH,0.95,mc-XRP/USD-mudekgf4-14cdr8,SHADOW,,,,,,,,,,0.05549285714285727,37.476227325672255,NaN,0.027665300168506574,BULLISH,0.9584884391129451
spot-BTC/USD-mudm49ho-f8ub,BTC/USD,intent-BTC/USD-mudm49h2-a0x4f9,SPOT-1.0.0-20260812,SPOT_CANONICAL_V4,PULLBACK_CONTINUATION,2026-09-23T04:38:10.958Z,2026-09-23T06:15:55.089Z,98,87219.55802,86567.52195000001,0.05428545,4733.33281632911,4.26127753,4.2294212,8.49069873,50,86272.34285714,921.05714286,1.0560213371510043,STRUCTURE_INVALIDATION,-35.39607148,-43.8867702,-0.877735404,0,41.75951778,0,0.8352,87219.55802,false,false,0.5311686963570973,TREND,BULLISH,0.95,mc-BTC/USD-mudm49gw-isdp15,SHADOW,,,,,,,,,,921.0571428571337,35.244388386706554,NaN,0.00011468764532073701,BULLISH,1.8960013495338823
spot-BTC/USD-mudk6z85-fnzn,BTC/USD,intent-BTC/USD-mudk5xg7-dj4vhc,SPOT-1.0.0-20260812,SPOT_CANONICAL_V4,PULLBACK_CONTINUATION,2026-09-23T03:44:18.392Z,2026-09-23T06:15:55.109Z,152,86828.54075,86567.52195000001,0.05179277,4495.741894431578,4.04738156,4.03521458,8.08259614,50,85837.11428571,965.38571429,1.1118299420343534,STRUCTURE_INVALIDATION,-13.51888667,-21.60148281,-0.4320296562,22.34129042,19.59013617,0.4468,0.3918,86828.54075,false,false,0.5577626961851019,TREND,BULLISH,0,mc-BTC/USD-mudk6yu1-77djf1,SHADOW,,,,,,,,,,965.3857142857056,34.454043072383755,NaN,0.00011520412154935808,BULLISH,2.3041831686465293